User ID,Country,Age,Gender,Device,Plan Duration
1,United States,28,Male,Smartphone,1 Month
2,Canada,35,Female,Tablet,1 Month
3,United Kingdom,42,Male,Smart TV,1 Month
4,Australia,51,Female,Laptop,1 Month
5,Germany,33,Male,Smartphone,1 Month
6,France,29,Female,Smart TV,1 Month
7,Brazil,46,Male,Tablet,1 Month
8,Mexico,39,Female,Laptop,1 Month
9,Spain,37,Male,Smartphone,1 Month
10,Italy,44,Female,Smart TV,1 Month
11,United States,31,Female,Smartphone,1 Month
12,Canada,45,Male,Tablet,1 Month
13,United Kingdom,48,Female,Laptop,1 Month
14,Australia,27,Male,Smartphone,1 Month
15,Germany,38,Female,Smart TV,1 Month
16,France,36,Male,Tablet,1 Month
17,Brazil,30,Female,Laptop,1 Month
18,Mexico,43,Male,Smartphone,1 Month
19,Spain,32,Female,Smart TV,1 Month
20,Italy,41,Male,Tablet,1 Month
21,United States,26,Female,Laptop,1 Month
22,Canada,34,Male,Smartphone,1 Month
23,United Kingdom,49,Female,Smart TV,1 Month
24,Australia,31,Male,Tablet,1 Month
25,Germany,40,Female,Laptop,1 Month
26,France,29,Male,Smartphone,1 Month
27,Brazil,47,Female,Smart TV,1 Month
28,Mexico,33,Male,Tablet,1 Month
29,Spain,36,Female,Laptop,1 Month
30,Italy,42,Male,Smartphone,1 Month
31,United States,28,Female,Smart TV,1 Month
32,Canada,37,Male,Tablet,1 Month
33,United Kingdom,41,Female,Laptop,1 Month
34,Australia,29,Male,Smartphone,1 Month
35,Germany,39,Female,Smart TV,1 Month
36,France,35,Male,Tablet,1 Month
37,Brazil,45,Female,Laptop,1 Month
38,Mexico,32,Male,Smartphone,1 Month
39,Spain,27,Female,Smart TV,1 Month
40,Italy,48,Male,Tablet,1 Month
41,United States,31,Female,Laptop,1 Month
42,Canada,40,Male,Smartphone,1 Month
43,United Kingdom,36,Female,Smart TV,1 Month
44,Australia,29,Male,Tablet,1 Month
45,Germany,43,Female,Laptop,1 Month
46,France,34,Male,Smartphone,1 Month
47,Brazil,39,Female,Smart TV,1 Month
48,Mexico,32,Male,Tablet,1 Month
49,Spain,28,Female,Laptop,1 Month
50,Italy,45,Male,Smartphone,1 Month
51,United States,30,Female,Smart TV,1 Month
52,Canada,37,Male,Tablet,1 Month
53,United Kingdom,41,Female,Laptop,1 Month
54,Australia,29,Male,Smartphone,1 Month
55,Germany,39,Female,Smart TV,1 Month
56,France,36,Male,Tablet,1 Month
57,Brazil,46,Female,Laptop,1 Month
58,Mexico,34,Male,Smartphone,1 Month
59,Spain,27,Female,Smart TV,1 Month
60,Italy,42,Male,Tablet,1 Month
61,United States,28,Female,Laptop,1 Month
62,Canada,37,Male,Smartphone,1 Month
63,United Kingdom,41,Female,Smart TV,1 Month
64,Australia,29,Male,Tablet,1 Month
65,Germany,40,Female,Laptop,1 Month
66,France,29,Male,Smartphone,1 Month
67,Brazil,47,Female,Smart TV,1 Month
68,Mexico,33,Male,Tablet,1 Month
69,Spain,36,Female,Laptop,1 Month
70,Italy,41,Male,Smartphone,1 Month
71,United States,27,Male,Smartphone,1 Month
72,Canada,31,Female,Smartphone,1 Month
73,United Kingdom,28,Female,Laptop,1 Month
74,Australia,41,Female,Smartphone,1 Month
75,Germany,28,Female,Laptop,1 Month
76,France,51,Female,Laptop,1 Month
77,Brazil,45,Female,Smartphone,1 Month
78,Mexico,49,Male,Tablet,1 Month
79,Spain,43,Female,Laptop,1 Month
80,Italy,43,Male,Tablet,1 Month
81,United States,37,Male,Tablet,1 Month
82,Canada,35,Male,Laptop,1 Month
83,United Kingdom,46,Female,Smartphone,1 Month
84,Australia,32,Male,Smartphone,1 Month
85,Germany,37,Female,Laptop,1 Month
86,France,29,Female,Smartphone,1 Month
87,Brazil,45,Male,Smart TV,1 Month
88,Mexico,47,Male,Tablet,1 Month
89,Spain,39,Male,Smartphone,1 Month
90,Italy,49,Female,Smartphone,1 Month
91,United States,39,Male,Tablet,1 Month
92,Canada,39,Male,Smart TV,1 Month
93,United Kingdom,35,Male,Smartphone,1 Month
94,Australia,44,Male,Smartphone,1 Month
95,Germany,34,Male,Laptop,1 Month
96,France,32,Male,Laptop,1 Month
97,Brazil,29,Female,Tablet,1 Month
98,Mexico,31,Female,Tablet,1 Month
99,Spain,29,Female,Tablet,1 Month
100,Italy,35,Male,Laptop,1 Month
101,United States,46,Female,Tablet,1 Month
102,Canada,31,Male,Tablet,1 Month
103,United Kingdom,36,Male,Laptop,1 Month
104,Australia,38,Male,Laptop,1 Month
105,Germany,46,Female,Laptop,1 Month
106,France,49,Female,Tablet,1 Month
107,Brazil,29,Female,Smart TV,1 Month
108,Mexico,27,Female,Smart TV,1 Month
109,Spain,35,Female,Tablet,1 Month
110,Italy,37,Female,Laptop,1 Month
111,United States,40,Male,Tablet,1 Month
112,Canada,33,Female,Laptop,1 Month
113,United Kingdom,37,Male,Tablet,1 Month
114,Australia,48,Male,Smartphone,1 Month
115,Germany,50,Female,Laptop,1 Month
116,France,45,Female,Smart TV,1 Month
117,Brazil,40,Female,Tablet,1 Month
118,Mexico,33,Male,Smartphone,1 Month
119,Spain,44,Female,Smartphone,1 Month
120,Italy,30,Female,Smart TV,1 Month
121,United States,27,Male,Smart TV,1 Month
122,Canada,51,Male,Smart TV,1 Month
123,United Kingdom,49,Female,Smartphone,1 Month
124,Australia,43,Male,Laptop,1 Month
125,Germany,42,Male,Smartphone,1 Month
126,France,45,Male,Laptop,1 Month
127,Brazil,36,Male,Smartphone,1 Month
128,Mexico,48,Male,Smartphone,1 Month
129,Spain,38,Male,Smart TV,1 Month
130,Italy,43,Female,Tablet,1 Month
131,United States,47,Male,Laptop,1 Month
132,Canada,48,Female,Smart TV,1 Month
133,United Kingdom,47,Male,Smart TV,1 Month
134,Australia,32,Male,Tablet,1 Month
135,Germany,47,Female,Smart TV,1 Month
136,France,41,Female,Smart TV,1 Month
137,Brazil,49,Male,Laptop,1 Month
138,Mexico,28,Male,Laptop,1 Month
139,Spain,40,Male,Smartphone,1 Month
140,Italy,43,Female,Smartphone,1 Month
141,United States,42,Male,Smartphone,1 Month
142,Canada,28,Male,Smart TV,1 Month
143,United Kingdom,30,Female,Tablet,1 Month
144,Australia,33,Male,Smart TV,1 Month
145,Germany,35,Female,Laptop,1 Month
146,France,38,Male,Tablet,1 Month
147,Brazil,49,Female,Laptop,1 Month
148,Mexico,39,Female,Smartphone,1 Month
149,Spain,46,Female,Smart TV,1 Month
150,Italy,47,Female,Laptop,1 Month
151,United States,30,Female,Laptop,1 Month
152,Canada,33,Female,Tablet,1 Month
153,United Kingdom,47,Male,Smartphone,1 Month
154,Australia,27,Male,Laptop,1 Month
155,Germany,28,Male,Tablet,1 Month
156,France,47,Male,Smartphone,1 Month
157,Brazil,30,Male,Laptop,1 Month
158,Mexico,47,Female,Smartphone,1 Month
159,Spain,51,Female,Smart TV,1 Month
160,Italy,39,Male,Smartphone,1 Month
161,United States,45,Male,Tablet,1 Month
162,Canada,31,Male,Laptop,1 Month
163,United Kingdom,29,Male,Laptop,1 Month
164,Australia,42,Female,Tablet,1 Month
165,Germany,49,Male,Tablet,1 Month
166,France,42,Male,Laptop,1 Month
167,Brazil,29,Male,Smartphone,1 Month
168,Mexico,29,Male,Tablet,1 Month
169,Spain,49,Male,Tablet,1 Month
170,Italy,32,Male,Laptop,1 Month
171,United States,35,Female,Tablet,1 Month
172,Canada,39,Female,Smartphone,1 Month
173,United Kingdom,40,Male,Smartphone,1 Month
174,Australia,39,Female,Tablet,1 Month
175,Germany,47,Female,Laptop,1 Month
176,France,37,Female,Smart TV,1 Month
177,Brazil,27,Female,Smartphone,1 Month
178,Mexico,49,Female,Laptop,1 Month
179,Spain,30,Female,Tablet,1 Month
180,Italy,36,Male,Laptop,1 Month
181,United States,33,Male,Smartphone,1 Month
182,Canada,30,Female,Laptop,1 Month
183,United Kingdom,36,Female,Tablet,1 Month
184,Australia,28,Female,Laptop,1 Month
185,Germany,47,Female,Tablet,1 Month
186,France,33,Female,Smart TV,1 Month
187,Brazil,49,Female,Laptop,1 Month
188,Mexico,44,Female,Smart TV,1 Month
189,Spain,47,Male,Smart TV,1 Month
190,Italy,37,Female,Tablet,1 Month
191,United States,46,Male,Laptop,1 Month
192,Canada,50,Female,Smartphone,1 Month
193,United Kingdom,50,Male,Laptop,1 Month
194,Australia,37,Male,Laptop,1 Month
195,Germany,50,Female,Smartphone,1 Month
196,France,45,Female,Smart TV,1 Month
197,Brazil,45,Male,Tablet,1 Month
198,Mexico,49,Female,Laptop,1 Month
199,Spain,39,Female,Tablet,1 Month
200,Italy,45,Female,Tablet,1 Month
201,United States,49,Female,Smart TV,1 Month
202,Canada,31,Female,Tablet,1 Month
203,United Kingdom,42,Female,Smart TV,1 Month
204,Australia,37,Male,Smartphone,1 Month
205,Germany,30,Male,Smart TV,1 Month
206,France,40,Male,Smartphone,1 Month
207,Brazil,45,Female,Smartphone,1 Month
208,Mexico,36,Female,Tablet,1 Month
209,Spain,41,Male,Laptop,1 Month
210,Italy,49,Female,Laptop,1 Month
211,United States,40,Male,Tablet,1 Month
212,Canada,36,Male,Smart TV,1 Month
213,United Kingdom,49,Female,Smart TV,1 Month
214,Australia,43,Female,Laptop,1 Month
215,Germany,50,Female,Smartphone,1 Month
216,France,51,Female,Smart TV,1 Month
217,Brazil,44,Male,Smart TV,1 Month
218,Mexico,27,Male,Tablet,1 Month
219,Spain,46,Female,Smartphone,1 Month
220,Italy,29,Male,Tablet,1 Month
221,United States,47,Male,Smartphone,1 Month
222,Canada,48,Female,Smartphone,1 Month
223,United Kingdom,34,Female,Smartphone,1 Month
224,Australia,40,Female,Smartphone,1 Month
225,Germany,48,Female,Smartphone,1 Month
226,France,35,Male,Smartphone,1 Month
227,Brazil,51,Female,Smartphone,1 Month
228,Mexico,39,Male,Smart TV,1 Month
229,Spain,29,Male,Smartphone,1 Month
230,Italy,51,Male,Laptop,1 Month
231,United States,43,Male,Smartphone,1 Month
232,Canada,28,Male,Smartphone,1 Month
233,United Kingdom,50,Female,Smart TV,1 Month
234,Australia,44,Female,Laptop,1 Month
235,Germany,50,Male,Laptop,1 Month
236,France,39,Female,Smartphone,1 Month
237,Brazil,46,Female,Tablet,1 Month
238,Mexico,48,Male,Smartphone,1 Month
239,Spain,38,Male,Smart TV,1 Month
240,Italy,38,Male,Smartphone,1 Month
241,United States,47,Male,Laptop,1 Month
242,Canada,37,Male,Laptop,1 Month
243,United Kingdom,33,Male,Laptop,1 Month
244,Australia,28,Male,Smartphone,1 Month
245,Germany,47,Male,Smart TV,1 Month
246,France,38,Female,Smartphone,1 Month
247,Brazil,27,Male,Smart TV,1 Month
248,Mexico,34,Male,Smartphone,1 Month
249,Spain,42,Female,Smartphone,1 Month
250,Italy,28,Male,Laptop,1 Month
251,United States,30,Male,Laptop,1 Month
252,Canada,38,Female,Smartphone,1 Month
253,United Kingdom,45,Female,Tablet,1 Month
254,Australia,48,Female,Smart TV,1 Month
255,Germany,46,Female,Smart TV,1 Month
256,France,34,Male,Tablet,1 Month
257,Brazil,46,Male,Laptop,1 Month
258,Mexico,41,Female,Smartphone,1 Month
259,Spain,28,Male,Smartphone,1 Month
260,Italy,27,Female,Smartphone,1 Month
261,United States,27,Female,Smart TV,1 Month
262,Canada,28,Female,Tablet,1 Month
263,United Kingdom,46,Male,Smartphone,1 Month
264,Australia,51,Male,Smartphone,1 Month
265,Germany,32,Female,Smart TV,1 Month
266,France,44,Male,Tablet,1 Month
267,Brazil,44,Female,Laptop,1 Month
268,Mexico,34,Female,Smart TV,1 Month
269,Spain,29,Female,Laptop,1 Month
270,Italy,47,Male,Smart TV,1 Month
271,United States,41,Male,Laptop,1 Month
272,Canada,36,Female,Smartphone,1 Month
273,United Kingdom,28,Female,Laptop,1 Month
274,Australia,27,Female,Tablet,1 Month
275,Germany,34,Female,Laptop,1 Month
276,France,34,Female,Smart TV,1 Month
277,Brazil,37,Female,Tablet,1 Month
278,Mexico,34,Female,Laptop,1 Month
279,Spain,50,Female,Laptop,1 Month
280,Italy,34,Female,Laptop,1 Month
281,United States,33,Female,Smart TV,1 Month
282,Canada,33,Male,Smart TV,1 Month
283,United Kingdom,46,Male,Smartphone,1 Month
284,Australia,39,Female,Smartphone,1 Month
285,Germany,42,Female,Laptop,1 Month
286,France,50,Female,Laptop,1 Month
287,Brazil,43,Male,Smartphone,1 Month
288,Mexico,51,Male,Smart TV,1 Month
289,Spain,34,Female,Smart TV,1 Month
290,Italy,48,Male,Smartphone,1 Month
291,United States,29,Female,Tablet,1 Month
292,Canada,43,Female,Laptop,1 Month
293,United Kingdom,39,Female,Laptop,1 Month
294,Australia,50,Male,Laptop,1 Month
295,Germany,45,Male,Laptop,1 Month
296,France,48,Female,Tablet,1 Month
297,Brazil,40,Male,Smartphone,1 Month
298,Mexico,41,Male,Tablet,1 Month
299,Spain,27,Male,Smartphone,1 Month
300,Italy,36,Male,Laptop,1 Month
301,United States,36,Female,Laptop,1 Month
302,Canada,44,Male,Tablet,1 Month
303,United Kingdom,45,Male,Tablet,1 Month
304,Australia,33,Female,Smartphone,1 Month
305,Germany,47,Male,Smart TV,1 Month
306,France,45,Male,Tablet,1 Month
307,Brazil,29,Female,Smart TV,1 Month
308,Mexico,31,Male,Smart TV,1 Month
309,Spain,31,Male,Smartphone,1 Month
310,Italy,49,Female,Smartphone,1 Month
311,United States,29,Female,Smartphone,1 Month
312,Canada,50,Male,Laptop,1 Month
313,United Kingdom,36,Female,Laptop,1 Month
314,Australia,28,Male,Laptop,1 Month
315,Germany,47,Female,Smart TV,1 Month
316,France,50,Female,Laptop,1 Month
317,Brazil,44,Female,Tablet,1 Month
318,Mexico,39,Female,Laptop,1 Month
319,Spain,32,Female,Smartphone,1 Month
320,Italy,30,Female,Laptop,1 Month
321,United States,33,Female,Smartphone,1 Month
322,Canada,44,Male,Smartphone,1 Month
323,United Kingdom,40,Male,Smartphone,1 Month
324,Australia,32,Male,Tablet,1 Month
325,Germany,32,Male,Tablet,1 Month
326,France,30,Male,Smartphone,1 Month
327,Brazil,32,Female,Smartphone,1 Month
328,Mexico,45,Female,Tablet,1 Month
329,Spain,35,Female,Smart TV,1 Month
330,Italy,40,Female,Smart TV,1 Month
331,United States,29,Female,Tablet,1 Month
332,Canada,31,Male,Tablet,1 Month
333,United Kingdom,43,Female,Smart TV,1 Month
334,Australia,34,Male,Smart TV,1 Month
335,Germany,47,Female,Tablet,1 Month
336,France,35,Male,Laptop,1 Month
337,Brazil,36,Male,Laptop,1 Month
338,Mexico,33,Male,Tablet,1 Month
339,Spain,30,Female,Laptop,1 Month
340,Italy,44,Female,Smartphone,1 Month
341,United States,44,Female,Laptop,1 Month
342,Canada,41,Female,Laptop,1 Month
343,United Kingdom,46,Male,Smart TV,1 Month
344,Australia,42,Female,Smartphone,1 Month
345,Germany,48,Female,Smart TV,1 Month
346,France,37,Male,Tablet,1 Month
347,Brazil,29,Male,Smartphone,1 Month
348,Mexico,30,Male,Smart TV,1 Month
349,Spain,28,Male,Smartphone,1 Month
350,Italy,44,Female,Smartphone,1 Month
351,United States,34,Female,Smart TV,1 Month
352,Canada,38,Male,Laptop,1 Month
353,United Kingdom,34,Female,Smartphone,1 Month
354,Australia,40,Female,Laptop,1 Month
355,Germany,32,Female,Tablet,1 Month
356,France,38,Male,Smart TV,1 Month
357,Brazil,39,Male,Smartphone,1 Month
358,Mexico,34,Female,Smart TV,1 Month
359,Spain,41,Male,Smartphone,1 Month
360,Italy,43,Female,Tablet,1 Month
361,United States,36,Female,Laptop,1 Month
362,Canada,31,Male,Laptop,1 Month
363,United Kingdom,47,Female,Smart TV,1 Month
364,Australia,48,Male,Smart TV,1 Month
365,Germany,36,Male,Laptop,1 Month
366,France,41,Male,Smart TV,1 Month
367,Brazil,32,Male,Laptop,1 Month
368,Mexico,28,Male,Smartphone,1 Month
369,Spain,46,Female,Smartphone,1 Month
370,Italy,46,Female,Smartphone,1 Month
371,United States,47,Male,Tablet,1 Month
372,Canada,31,Female,Tablet,1 Month
373,United Kingdom,44,Female,Tablet,1 Month
374,Australia,39,Female,Laptop,1 Month
375,Germany,44,Female,Laptop,1 Month
376,France,39,Female,Smartphone,1 Month
377,Brazil,37,Male,Laptop,1 Month
378,Mexico,47,Female,Laptop,1 Month
379,Spain,46,Female,Smart TV,1 Month
380,Italy,27,Female,Smart TV,1 Month
381,United States,43,Female,Laptop,1 Month
382,Canada,51,Male,Smart TV,1 Month
383,United Kingdom,49,Male,Smart TV,1 Month
384,Australia,35,Female,Smartphone,1 Month
385,Germany,44,Male,Smartphone,1 Month
386,France,48,Male,Tablet,1 Month
387,Brazil,39,Female,Tablet,1 Month
388,Mexico,38,Male,Laptop,1 Month
389,Spain,45,Male,Smart TV,1 Month
390,Italy,43,Female,Laptop,1 Month
391,United States,42,Male,Laptop,1 Month
392,Canada,28,Male,Smart TV,1 Month
393,United Kingdom,40,Male,Tablet,1 Month
394,Australia,41,Female,Tablet,1 Month
395,Germany,45,Female,Laptop,1 Month
396,France,30,Female,Smartphone,1 Month
397,Brazil,31,Female,Smartphone,1 Month
398,Mexico,51,Female,Tablet,1 Month
399,Spain,44,Female,Smartphone,1 Month
400,Italy,49,Male,Laptop,1 Month
401,United States,47,Female,Laptop,1 Month
402,Canada,42,Male,Smartphone,1 Month
403,United Kingdom,28,Male,Smartphone,1 Month
404,Australia,28,Male,Smartphone,1 Month
405,Germany,49,Female,Tablet,1 Month
406,France,32,Female,Smartphone,1 Month
407,Brazil,37,Female,Tablet,1 Month
408,Mexico,37,Female,Tablet,1 Month
409,Spain,37,Male,Smartphone,1 Month
410,Italy,37,Male,Smart TV,1 Month
411,United States,48,Female,Tablet,1 Month
412,Canada,47,Male,Laptop,1 Month
413,United Kingdom,41,Female,Smartphone,1 Month
414,Australia,47,Female,Laptop,1 Month
415,Germany,39,Female,Smartphone,1 Month
416,France,28,Male,Tablet,1 Month
417,Brazil,31,Male,Smart TV,1 Month
418,Mexico,47,Female,Smart TV,1 Month
419,Spain,27,Female,Laptop,1 Month
420,Italy,28,Male,Laptop,1 Month
421,United States,33,Male,Tablet,1 Month
422,Canada,29,Female,Tablet,1 Month
423,United Kingdom,41,Male,Smartphone,1 Month
424,Australia,28,Female,Tablet,1 Month
425,Germany,38,Male,Tablet,1 Month
426,France,35,Male,Laptop,1 Month
427,Brazil,51,Male,Smart TV,1 Month
428,Mexico,45,Male,Smartphone,1 Month
429,Spain,51,Male,Laptop,1 Month
430,Italy,46,Female,Smart TV,1 Month
431,United States,28,Male,Smart TV,1 Month
432,Canada,46,Female,Smart TV,1 Month
433,United Kingdom,46,Female,Smartphone,1 Month
434,Australia,32,Female,Laptop,1 Month
435,Germany,39,Female,Smart TV,1 Month
436,France,41,Female,Smartphone,1 Month
437,Brazil,47,Male,Smart TV,1 Month
438,Mexico,35,Male,Smart TV,1 Month
439,Spain,37,Female,Smart TV,1 Month
440,Italy,47,Male,Tablet,1 Month
441,United States,48,Female,Laptop,1 Month
442,Canada,30,Female,Laptop,1 Month
443,United Kingdom,36,Male,Smart TV,1 Month
444,Australia,50,Female,Smartphone,1 Month
445,Germany,41,Male,Tablet,1 Month
446,France,46,Female,Smartphone,1 Month
447,Brazil,36,Female,Laptop,1 Month
448,Mexico,48,Male,Tablet,1 Month
449,Spain,37,Female,Laptop,1 Month
450,Italy,49,Male,Laptop,1 Month
451,United States,31,Female,Laptop,1 Month
452,Canada,42,Female,Laptop,1 Month
453,United Kingdom,45,Female,Tablet,1 Month
454,Australia,51,Female,Tablet,1 Month
455,Germany,31,Female,Smart TV,1 Month
456,France,41,Male,Tablet,1 Month
457,Brazil,40,Male,Smart TV,1 Month
458,Mexico,27,Male,Tablet,1 Month
459,Spain,46,Female,Tablet,1 Month
460,Italy,30,Female,Smart TV,1 Month
461,United States,37,Male,Smart TV,1 Month
462,Canada,45,Male,Smartphone,1 Month
463,United Kingdom,40,Male,Smart TV,1 Month
464,Australia,45,Male,Laptop,1 Month
465,Germany,34,Male,Laptop,1 Month
466,France,33,Male,Laptop,1 Month
467,Brazil,47,Female,Laptop,1 Month
468,Mexico,32,Male,Smart TV,1 Month
469,Spain,41,Female,Tablet,1 Month
470,Italy,31,Female,Tablet,1 Month
471,United States,43,Male,Tablet,1 Month
472,Canada,32,Female,Tablet,1 Month
473,United Kingdom,46,Female,Smartphone,1 Month
474,Australia,38,Male,Smartphone,1 Month
475,Germany,31,Female,Smart TV,1 Month
476,France,31,Female,Laptop,1 Month
477,Brazil,50,Male,Laptop,1 Month
478,Mexico,32,Male,Laptop,1 Month
479,Spain,38,Female,Smartphone,1 Month
480,Italy,37,Female,Laptop,1 Month
481,United States,36,Male,Smart TV,1 Month
482,Canada,30,Male,Smart TV,1 Month
483,United Kingdom,28,Male,Smart TV,1 Month
484,Australia,40,Male,Smartphone,1 Month
485,Germany,28,Female,Tablet,1 Month
486,France,37,Female,Laptop,1 Month
487,Brazil,30,Male,Smart TV,1 Month
488,Mexico,33,Female,Smart TV,1 Month
489,Spain,49,Male,Tablet,1 Month
490,Italy,36,Female,Smart TV,1 Month
491,United States,28,Female,Smartphone,1 Month
492,Canada,51,Male,Tablet,1 Month
493,United Kingdom,35,Female,Smartphone,1 Month
494,Australia,31,Male,Smart TV,1 Month
495,Germany,39,Male,Smartphone,1 Month
496,France,51,Female,Laptop,1 Month
497,Brazil,44,Male,Smartphone,1 Month
498,Mexico,41,Female,Smartphone,1 Month
499,Spain,28,Female,Laptop,1 Month
500,Italy,38,Male,Laptop,1 Month
501,Spain,43,Male,Smartphone,1 Month
502,Spain,38,Male,Smartphone,1 Month
503,United States,30,Male,Tablet,1 Month
504,Canada,32,Female,Laptop,1 Month
505,United States,35,Male,Smartphone,1 Month
506,United States,27,Male,Smart TV,1 Month
507,Canada,49,Female,Tablet,1 Month
508,United Kingdom,42,Female,Tablet,1 Month
509,Australia,40,Male,Smartphone,1 Month
510,Germany,43,Female,Tablet,1 Month
511,France,44,Female,Smart TV,1 Month
512,Brazil,32,Male,Tablet,1 Month
513,Mexico,50,Male,Tablet,1 Month
514,Spain,35,Male,Tablet,1 Month
515,Italy,44,Female,Laptop,1 Month
516,Spain,42,Female,Smart TV,1 Month
517,Spain,34,Female,Smart TV,1 Month
518,United States,37,Female,Tablet,1 Month
519,Canada,43,Male,Smartphone,1 Month
520,United States,32,Male,Smart TV,1 Month
521,United States,33,Female,Smart TV,1 Month
522,Canada,32,Female,Tablet,1 Month
523,United Kingdom,41,Male,Smartphone,1 Month
524,Australia,31,Male,Tablet,1 Month
525,Germany,44,Male,Tablet,1 Month
526,France,49,Male,Laptop,1 Month
527,Brazil,48,Female,Tablet,1 Month
528,Mexico,42,Female,Smartphone,1 Month
529,Spain,50,Female,Laptop,1 Month
530,Italy,49,Female,Smart TV,1 Month
531,Spain,30,Female,Laptop,1 Month
532,Spain,38,Male,Laptop,1 Month
533,United States,38,Male,Smartphone,1 Month
534,Canada,39,Female,Smart TV,1 Month
535,United States,42,Female,Laptop,1 Month
536,United States,28,Male,Smart TV,1 Month
537,Canada,38,Male,Smartphone,1 Month
538,United Kingdom,40,Female,Tablet,1 Month
539,Australia,30,Female,Tablet,1 Month
540,Germany,40,Male,Smartphone,1 Month
541,France,31,Male,Smart TV,1 Month
542,Brazil,41,Male,Smartphone,1 Month
543,Mexico,37,Male,Smartphone,1 Month
544,Spain,49,Male,Tablet,1 Month
545,Italy,29,Male,Smart TV,1 Month
546,Spain,31,Male,Smart TV,1 Month
547,Spain,39,Male,Tablet,1 Month
548,United States,51,Female,Smartphone,1 Month
549,Canada,38,Female,Smartphone,1 Month
550,United States,29,Female,Tablet,1 Month
551,United States,41,Female,Laptop,1 Month
552,Canada,48,Female,Tablet,1 Month
553,United Kingdom,39,Male,Smart TV,1 Month
554,Australia,37,Male,Smartphone,1 Month
555,Germany,37,Female,Smartphone,1 Month
556,France,34,Male,Smartphone,1 Month
557,Brazil,37,Male,Smartphone,1 Month
558,Mexico,37,Female,Smart TV,1 Month
559,Spain,51,Female,Tablet,1 Month
560,Italy,45,Male,Laptop,1 Month
561,Spain,29,Female,Laptop,1 Month
562,Spain,37,Male,Laptop,1 Month
563,United States,34,Male,Tablet,1 Month
564,Canada,35,Male,Smartphone,1 Month
565,United States,29,Male,Laptop,1 Month
566,United States,45,Male,Tablet,1 Month
567,Canada,36,Male,Smart TV,1 Month
568,United Kingdom,27,Female,Laptop,1 Month
569,Australia,31,Female,Laptop,1 Month
570,Germany,41,Female,Laptop,1 Month
571,France,37,Male,Smart TV,1 Month
572,Brazil,49,Female,Tablet,1 Month
573,Mexico,37,Female,Smart TV,1 Month
574,Spain,36,Female,Smartphone,1 Month
575,Italy,38,Female,Smart TV,1 Month
576,Spain,49,Female,Tablet,1 Month
577,Spain,31,Male,Laptop,1 Month
578,United States,29,Female,Laptop,1 Month
579,Canada,35,Female,Tablet,1 Month
580,United States,46,Female,Tablet,1 Month
581,United States,29,Female,Laptop,1 Month
582,Canada,43,Female,Laptop,1 Month
583,United Kingdom,38,Female,Tablet,1 Month
584,Australia,48,Female,Smart TV,1 Month
585,Germany,41,Male,Laptop,1 Month
586,France,51,Female,Laptop,1 Month
587,Brazil,39,Male,Smart TV,1 Month
588,Mexico,31,Male,Smartphone,1 Month
589,Spain,28,Male,Laptop,1 Month
590,Italy,47,Male,Laptop,1 Month
591,Spain,35,Female,Smart TV,1 Month
592,Spain,33,Male,Smartphone,1 Month
593,United States,41,Male,Smartphone,1 Month
594,Canada,38,Female,Smart TV,1 Month
595,United States,49,Male,Laptop,1 Month
596,United States,29,Female,Smart TV,1 Month
597,Canada,50,Male,Laptop,1 Month
598,United Kingdom,29,Female,Tablet,1 Month
599,Australia,44,Male,Smart TV,1 Month
600,Germany,36,Female,Smart TV,1 Month
601,France,46,Female,Smart TV,1 Month
602,Brazil,30,Male,Smartphone,1 Month
603,Mexico,46,Female,Tablet,1 Month
604,Spain,33,Male,Smartphone,1 Month
605,Italy,46,Female,Tablet,1 Month
606,Spain,50,Male,Tablet,1 Month
607,Spain,27,Female,Smart TV,1 Month
608,United States,48,Female,Smart TV,1 Month
609,Canada,50,Female,Smartphone,1 Month
610,United States,28,Female,Tablet,1 Month
611,United States,29,Female,Smartphone,1 Month
612,Canada,36,Male,Smart TV,1 Month
613,United Kingdom,51,Male,Laptop,1 Month
614,Australia,51,Male,Smartphone,1 Month
615,Germany,43,Male,Smart TV,1 Month
616,France,38,Female,Laptop,1 Month
617,Brazil,45,Female,Smartphone,1 Month
618,Mexico,28,Female,Smart TV,1 Month
619,Spain,27,Male,Smartphone,1 Month
620,Italy,41,Female,Smartphone,1 Month
621,Spain,49,Male,Smart TV,1 Month
622,Spain,35,Male,Smartphone,1 Month
623,United States,29,Female,Smart TV,1 Month
624,Canada,42,Male,Smartphone,1 Month
625,United States,33,Male,Tablet,1 Month
626,United States,30,Male,Laptop,1 Month
627,Canada,43,Female,Smart TV,1 Month
628,United Kingdom,42,Male,Smartphone,1 Month
629,Australia,39,Male,Tablet,1 Month
630,Germany,32,Female,Smart TV,1 Month
631,France,31,Male,Smartphone,1 Month
632,Brazil,39,Male,Smartphone,1 Month
633,Mexico,41,Female,Smartphone,1 Month
634,Spain,51,Female,Smart TV,1 Month
635,Italy,29,Male,Laptop,1 Month
636,Spain,33,Female,Smart TV,1 Month
637,Spain,51,Female,Tablet,1 Month
638,United States,38,Male,Tablet,1 Month
639,Canada,37,Female,Laptop,1 Month
640,United States,50,Female,Laptop,1 Month
641,United States,33,Male,Tablet,1 Month
642,Canada,27,Male,Laptop,1 Month
643,United Kingdom,50,Female,Smartphone,1 Month
644,Australia,47,Female,Laptop,1 Month
645,Germany,41,Male,Laptop,1 Month
646,France,49,Female,Laptop,1 Month
647,Brazil,32,Male,Smart TV,1 Month
648,Mexico,38,Female,Smartphone,1 Month
649,Spain,38,Female,Smartphone,1 Month
650,Italy,28,Female,Smart TV,1 Month
651,Spain,31,Male,Tablet,1 Month
652,Spain,39,Female,Smartphone,1 Month
653,United States,28,Female,Smartphone,1 Month
654,Canada,30,Female,Smartphone,1 Month
655,United States,42,Male,Tablet,1 Month
656,United States,33,Female,Laptop,1 Month
657,Canada,34,Female,Smart TV,1 Month
658,United Kingdom,49,Female,Smart TV,1 Month
659,Australia,41,Male,Laptop,1 Month
660,Germany,28,Male,Smart TV,1 Month
661,France,49,Female,Laptop,1 Month
662,Brazil,49,Male,Tablet,1 Month
663,Mexico,36,Male,Tablet,1 Month
664,Spain,31,Male,Smart TV,1 Month
665,Italy,38,Male,Smartphone,1 Month
666,Spain,34,Female,Tablet,1 Month
667,Spain,51,Female,Smartphone,1 Month
668,United States,49,Male,Smart TV,1 Month
669,Canada,27,Female,Tablet,1 Month
670,United States,38,Male,Smart TV,1 Month
671,United States,51,Male,Tablet,1 Month
672,Canada,47,Female,Tablet,1 Month
673,United Kingdom,37,Male,Smartphone,1 Month
674,Australia,37,Female,Laptop,1 Month
675,Germany,39,Female,Tablet,1 Month
676,France,31,Male,Smartphone,1 Month
677,Brazil,36,Male,Smart TV,1 Month
678,Mexico,42,Female,Smart TV,1 Month
679,Spain,49,Male,Laptop,1 Month
680,Italy,44,Female,Laptop,1 Month
681,Spain,33,Male,Laptop,1 Month
682,Spain,42,Male,Tablet,1 Month
683,United States,39,Male,Smartphone,1 Month
684,Canada,49,Male,Smartphone,1 Month
685,United States,31,Male,Smartphone,1 Month
686,United States,37,Male,Tablet,1 Month
687,Canada,30,Female,Tablet,1 Month
688,United Kingdom,42,Male,Smartphone,1 Month
689,Australia,37,Female,Smart TV,1 Month
690,Germany,36,Male,Laptop,1 Month
691,France,28,Female,Laptop,1 Month
692,Brazil,36,Male,Tablet,1 Month
693,Mexico,31,Female,Tablet,1 Month
694,Spain,46,Male,Smart TV,1 Month
695,Italy,28,Male,Laptop,1 Month
696,Spain,31,Male,Tablet,1 Month
697,Spain,43,Male,Smart TV,1 Month
698,United States,28,Male,Laptop,1 Month
699,Canada,32,Female,Smartphone,1 Month
700,United States,31,Female,Laptop,1 Month
701,United States,45,Male,Smart TV,1 Month
702,Canada,36,Male,Smartphone,1 Month
703,United Kingdom,35,Male,Laptop,1 Month
704,Australia,27,Female,Tablet,1 Month
705,Germany,32,Male,Laptop,1 Month
706,France,46,Female,Smartphone,1 Month
707,Brazil,36,Male,Smart TV,1 Month
708,Mexico,39,Male,Laptop,1 Month
709,Spain,48,Female,Smart TV,1 Month
710,Italy,48,Female,Smart TV,1 Month
711,Spain,27,Female,Laptop,1 Month
712,Spain,45,Male,Tablet,1 Month
713,United States,30,Male,Laptop,1 Month
714,Canada,29,Male,Tablet,1 Month
715,United States,43,Female,Laptop,1 Month
716,United States,43,Male,Laptop,1 Month
717,Canada,39,Female,Tablet,1 Month
718,United Kingdom,27,Male,Tablet,1 Month
719,Australia,33,Female,Tablet,1 Month
720,Germany,32,Female,Tablet,1 Month
721,France,37,Female,Tablet,1 Month
722,Brazil,45,Male,Smartphone,1 Month
723,Mexico,40,Female,Smartphone,1 Month
724,Spain,44,Male,Laptop,1 Month
725,Italy,29,Female,Tablet,1 Month
726,Spain,50,Male,Laptop,1 Month
727,Spain,32,Female,Laptop,1 Month
728,United States,39,Male,Laptop,1 Month
729,Canada,43,Female,Smartphone,1 Month
730,United States,49,Female,Smartphone,1 Month
731,United States,30,Male,Tablet,1 Month
732,Canada,47,Male,Tablet,1 Month
733,United Kingdom,51,Female,Laptop,1 Month
734,Australia,40,Male,Tablet,1 Month
735,Germany,40,Male,Laptop,1 Month
736,France,49,Male,Smartphone,1 Month
737,Brazil,43,Female,Tablet,1 Month
738,Mexico,44,Female,Smartphone,1 Month
739,Spain,27,Male,Smartphone,1 Month
740,Italy,30,Male,Tablet,1 Month
741,Spain,47,Male,Smart TV,1 Month
742,Spain,51,Male,Smartphone,1 Month
743,United States,31,Female,Laptop,1 Month
744,Canada,34,Female,Tablet,1 Month
745,United States,28,Female,Laptop,1 Month
746,United States,32,Male,Smartphone,1 Month
747,Canada,41,Male,Smart TV,1 Month
748,United Kingdom,40,Male,Smart TV,1 Month
749,Australia,46,Male,Smart TV,1 Month
750,Germany,47,Male,Smart TV,1 Month
751,France,45,Female,Laptop,1 Month
752,Brazil,28,Female,Smartphone,1 Month
753,Mexico,43,Female,Smartphone,1 Month
754,Spain,41,Male,Laptop,1 Month
755,Italy,32,Male,Tablet,1 Month
756,Spain,44,Female,Smartphone,1 Month
757,Spain,32,Male,Laptop,1 Month
758,United States,47,Male,Laptop,1 Month
759,Canada,37,Male,Smart TV,1 Month
760,United States,40,Female,Smartphone,1 Month
761,United States,48,Female,Smart TV,1 Month
762,Canada,48,Male,Laptop,1 Month
763,United Kingdom,35,Male,Laptop,1 Month
764,Australia,28,Male,Smart TV,1 Month
765,Germany,35,Female,Smart TV,1 Month
766,France,43,Male,Smartphone,1 Month
767,Brazil,39,Male,Laptop,1 Month
768,Mexico,38,Female,Laptop,1 Month
769,Spain,36,Female,Smart TV,1 Month
770,Italy,42,Female,Laptop,1 Month
771,Spain,27,Male,Tablet,1 Month
772,Spain,48,Male,Laptop,1 Month
773,United States,27,Female,Smart TV,1 Month
774,Canada,49,Male,Smartphone,1 Month
775,United States,29,Male,Tablet,1 Month
776,United States,44,Male,Laptop,1 Month
777,Canada,31,Male,Smartphone,1 Month
778,United Kingdom,33,Male,Tablet,1 Month
779,Australia,36,Female,Smart TV,1 Month
780,Germany,43,Female,Laptop,1 Month
781,France,30,Female,Smartphone,1 Month
782,Brazil,44,Female,Laptop,1 Month
783,Mexico,37,Female,Laptop,1 Month
784,Spain,27,Male,Laptop,1 Month
785,Italy,35,Female,Laptop,1 Month
786,Spain,32,Male,Smart TV,1 Month
787,Spain,49,Female,Laptop,1 Month
788,United States,45,Female,Tablet,1 Month
789,Canada,33,Female,Smartphone,1 Month
790,United States,37,Female,Smartphone,1 Month
791,United States,29,Male,Smartphone,1 Month
792,Canada,45,Male,Smart TV,1 Month
793,United Kingdom,42,Female,Smartphone,1 Month
794,Australia,32,Female,Smart TV,1 Month
795,Germany,47,Male,Smartphone,1 Month
796,France,27,Male,Smart TV,1 Month
797,Brazil,35,Male,Tablet,1 Month
798,Mexico,35,Male,Laptop,1 Month
799,Spain,48,Male,Tablet,1 Month
800,Italy,36,Male,Smartphone,1 Month
801,Spain,46,Male,Smartphone,1 Month
802,Spain,33,Female,Smartphone,1 Month
803,United States,43,Male,Smart TV,1 Month
804,Canada,47,Female,Smartphone,1 Month
805,United States,39,Female,Laptop,1 Month
806,United States,30,Female,Laptop,1 Month
807,Canada,46,Male,Tablet,1 Month
808,United Kingdom,39,Male,Smart TV,1 Month
809,Australia,28,Male,Smartphone,1 Month
810,Germany,38,Male,Smartphone,1 Month
811,France,36,Male,Laptop,1 Month
812,Brazil,33,Male,Laptop,1 Month
813,Mexico,50,Male,Smartphone,1 Month
814,Spain,38,Male,Smartphone,1 Month
815,Italy,29,Male,Smartphone,1 Month
816,Spain,47,Female,Smart TV,1 Month
817,Spain,31,Female,Tablet,1 Month
818,United States,40,Male,Tablet,1 Month
819,Canada,50,Male,Laptop,1 Month
820,United States,43,Female,Tablet,1 Month
821,United States,35,Female,Laptop,1 Month
822,Canada,36,Male,Laptop,1 Month
823,United Kingdom,30,Male,Smartphone,1 Month
824,Australia,47,Female,Smartphone,1 Month
825,Germany,30,Female,Laptop,1 Month
826,France,37,Male,Smart TV,1 Month
827,Brazil,34,Male,Smartphone,1 Month
828,Mexico,33,Female,Smart TV,1 Month
829,Spain,31,Male,Tablet,1 Month
830,Italy,30,Female,Smartphone,1 Month
831,Spain,35,Male,Smartphone,1 Month
832,Spain,40,Female,Tablet,1 Month
833,United States,29,Male,Smartphone,1 Month
834,Canada,34,Female,Smart TV,1 Month
835,United States,31,Male,Laptop,1 Month
836,United States,28,Male,Laptop,1 Month
837,Canada,46,Female,Smart TV,1 Month
838,United Kingdom,38,Male,Smartphone,1 Month
839,Australia,35,Female,Laptop,1 Month
840,Germany,49,Male,Smartphone,1 Month
841,France,42,Male,Smartphone,1 Month
842,Brazil,37,Female,Laptop,1 Month
843,Mexico,39,Female,Smartphone,1 Month
844,Spain,47,Female,Smart TV,1 Month
845,Italy,49,Male,Smartphone,1 Month
846,Spain,35,Male,Laptop,1 Month
847,Spain,36,Female,Smart TV,1 Month
848,United States,40,Male,Tablet,1 Month
849,Canada,30,Female,Smart TV,1 Month
850,United States,51,Female,Smart TV,1 Month
851,United States,47,Male,Laptop,1 Month
852,Canada,47,Female,Laptop,1 Month
853,United Kingdom,39,Male,Tablet,1 Month
854,Australia,49,Male,Smart TV,1 Month
855,Germany,33,Male,Laptop,1 Month
856,France,32,Female,Smart TV,1 Month
857,Brazil,40,Male,Smartphone,1 Month
858,Mexico,40,Female,Laptop,1 Month
859,Spain,51,Female,Tablet,1 Month
860,Italy,50,Male,Smart TV,1 Month
861,Spain,50,Female,Smart TV,1 Month
862,Spain,47,Male,Smartphone,1 Month
863,United States,35,Male,Laptop,1 Month
864,Canada,31,Male,Tablet,1 Month
865,United States,36,Male,Smartphone,1 Month
866,United States,41,Female,Smart TV,1 Month
867,Canada,49,Female,Tablet,1 Month
868,United Kingdom,34,Female,Tablet,1 Month
869,Australia,30,Female,Tablet,1 Month
870,Germany,38,Male,Laptop,1 Month
871,France,45,Male,Tablet,1 Month
872,Brazil,42,Female,Laptop,1 Month
873,Mexico,42,Female,Smart TV,1 Month
874,Spain,31,Male,Smart TV,1 Month
875,Italy,28,Male,Smart TV,1 Month
876,Spain,44,Male,Tablet,1 Month
877,Spain,30,Male,Smart TV,1 Month
878,United States,33,Male,Smartphone,1 Month
879,Canada,42,Female,Tablet,1 Month
880,United States,31,Male,Smart TV,1 Month
881,United States,31,Female,Smartphone,1 Month
882,Canada,46,Female,Smart TV,1 Month
883,United Kingdom,28,Female,Tablet,1 Month
884,Australia,50,Male,Tablet,1 Month
885,Germany,34,Male,Tablet,1 Month
886,France,45,Female,Smart TV,1 Month
887,Brazil,38,Female,Laptop,1 Month
888,Mexico,42,Female,Laptop,1 Month
889,Spain,45,Female,Smartphone,1 Month
890,Italy,44,Male,Smart TV,1 Month
891,Spain,50,Female,Smart TV,1 Month
892,Spain,38,Male,Tablet,1 Month
893,United States,42,Female,Smart TV,1 Month
894,Canada,50,Male,Smart TV,1 Month
895,United States,30,Male,Smartphone,1 Month
896,United States,47,Female,Smartphone,1 Month
897,Canada,32,Female,Laptop,1 Month
898,United Kingdom,31,Female,Tablet,1 Month
899,Australia,37,Male,Laptop,1 Month
900,Germany,32,Female,Smartphone,1 Month
901,France,29,Male,Smartphone,1 Month
902,Brazil,28,Male,Tablet,1 Month
903,Mexico,42,Male,Laptop,1 Month
904,Spain,37,Male,Tablet,1 Month
905,Italy,38,Female,Laptop,1 Month
906,Spain,32,Male,Smart TV,1 Month
907,Spain,48,Male,Laptop,1 Month
908,United States,46,Female,Smart TV,1 Month
909,Canada,30,Male,Tablet,1 Month
910,United States,40,Female,Smart TV,1 Month
911,United States,29,Male,Smart TV,1 Month
912,Canada,41,Male,Tablet,1 Month
913,United Kingdom,32,Male,Laptop,1 Month
914,Australia,44,Female,Smart TV,1 Month
915,Germany,41,Male,Laptop,1 Month
916,France,50,Female,Smartphone,1 Month
917,Brazil,33,Female,Tablet,1 Month
918,Mexico,34,Female,Smart TV,1 Month
919,Spain,40,Male,Smartphone,1 Month
920,Italy,34,Female,Tablet,1 Month
921,Spain,27,Female,Smart TV,1 Month
922,Spain,34,Male,Tablet,1 Month
923,United States,28,Male,Tablet,1 Month
924,Canada,37,Female,Smart TV,1 Month
925,United States,27,Female,Laptop,1 Month
926,United States,33,Female,Laptop,1 Month
927,Canada,42,Male,Laptop,1 Month
928,United Kingdom,49,Male,Smartphone,1 Month
929,Australia,44,Male,Smart TV,1 Month
930,Germany,47,Male,Laptop,1 Month
931,France,33,Male,Laptop,1 Month
932,Brazil,37,Male,Smart TV,1 Month
933,Mexico,35,Male,Laptop,1 Month
934,Spain,34,Female,Smartphone,1 Month
935,Italy,44,Male,Smartphone,1 Month
936,Spain,29,Male,Tablet,1 Month
937,Spain,38,Male,Smartphone,1 Month
938,United States,46,Male,Smart TV,1 Month
939,Canada,29,Male,Tablet,1 Month
940,United States,48,Female,Smart TV,1 Month
941,United States,36,Male,Smart TV,1 Month
942,Canada,43,Male,Laptop,1 Month
943,United Kingdom,42,Female,Smart TV,1 Month
944,Australia,50,Male,Tablet,1 Month
945,Germany,39,Male,Laptop,1 Month
946,France,43,Female,Laptop,1 Month
947,Brazil,50,Female,Tablet,1 Month
948,Mexico,51,Male,Laptop,1 Month
949,Spain,40,Male,Tablet,1 Month
950,Italy,31,Male,Tablet,1 Month
951,Spain,39,Female,Smartphone,1 Month
952,Spain,49,Female,Tablet,1 Month
953,United States,34,Female,Laptop,1 Month
954,Canada,38,Male,Smartphone,1 Month
955,United States,36,Female,Laptop,1 Month
956,United States,42,Female,Smart TV,1 Month
957,Canada,50,Male,Tablet,1 Month
958,United Kingdom,42,Female,Laptop,1 Month
959,Australia,35,Female,Laptop,1 Month
960,Germany,46,Female,Tablet,1 Month
961,France,48,Male,Laptop,1 Month
962,Brazil,43,Female,Laptop,1 Month
963,Mexico,51,Female,Tablet,1 Month
964,Spain,45,Male,Smart TV,1 Month
965,Italy,46,Male,Laptop,1 Month
966,Spain,42,Female,Laptop,1 Month
967,Spain,42,Female,Smartphone,1 Month
968,United States,50,Male,Tablet,1 Month
969,Canada,28,Male,Smart TV,1 Month
970,United States,44,Female,Tablet,1 Month
971,United States,36,Male,Tablet,1 Month
972,Canada,37,Female,Laptop,1 Month
973,United Kingdom,36,Male,Smartphone,1 Month
974,Australia,31,Male,Smartphone,1 Month
975,Germany,36,Female,Smart TV,1 Month
976,France,39,Female,Laptop,1 Month
977,Brazil,45,Female,Laptop,1 Month
978,Mexico,29,Male,Smart TV,1 Month
979,Spain,45,Male,Smartphone,1 Month
980,Italy,29,Male,Smart TV,1 Month
981,Spain,28,Female,Smart TV,1 Month
982,Spain,42,Female,Smart TV,1 Month
983,United States,36,Female,Smartphone,1 Month
984,Canada,39,Male,Smart TV,1 Month
985,United States,36,Male,Smart TV,1 Month
986,United States,49,Male,Laptop,1 Month
987,Canada,32,Female,Tablet,1 Month
988,United Kingdom,40,Female,Smartphone,1 Month
989,Australia,34,Male,Smartphone,1 Month
990,Germany,35,Male,Smartphone,1 Month
991,France,44,Female,Smart TV,1 Month
992,Brazil,47,Female,Smartphone,1 Month
993,Mexico,33,Female,Laptop,1 Month
994,Spain,45,Male,Tablet,1 Month
995,Italy,42,Female,Tablet,1 Month
996,Spain,46,Male,Tablet,1 Month
997,Spain,51,Male,Tablet,1 Month
998,United States,41,Female,Laptop,1 Month
999,Canada,50,Female,Tablet,1 Month
1000,United States,49,Female,Smartphone,1 Month
1001,United States,34,Female,Laptop,1 Month
1002,Canada,38,Female,Tablet,1 Month
1003,United Kingdom,46,Male,Smart TV,1 Month
1004,Australia,42,Male,Smart TV,1 Month
1005,Germany,46,Male,Laptop,1 Month
1006,France,51,Female,Smart TV,1 Month
1007,Brazil,35,Male,Smart TV,1 Month
1008,Mexico,34,Female,Smartphone,1 Month
1009,Spain,31,Female,Laptop,1 Month
1010,Italy,36,Female,Tablet,1 Month
1011,Spain,28,Male,Smart TV,1 Month
1012,Spain,29,Female,Smartphone,1 Month
1013,United States,42,Female,Smart TV,1 Month
1014,Canada,35,Female,Smartphone,1 Month
1015,United States,32,Female,Laptop,1 Month
1016,United States,43,Female,Tablet,1 Month
1017,Canada,29,Male,Smartphone,1 Month
1018,United Kingdom,35,Female,Tablet,1 Month
1019,Australia,27,Female,Tablet,1 Month
1020,Germany,38,Male,Tablet,1 Month
1021,France,33,Male,Smart TV,1 Month
1022,Brazil,48,Male,Laptop,1 Month
1023,Mexico,51,Female,Laptop,1 Month
1024,Spain,40,Female,Smartphone,1 Month
1025,Italy,28,Male,Smartphone,1 Month
1026,Spain,46,Female,Laptop,1 Month
1027,Spain,28,Female,Tablet,1 Month
1028,United States,47,Male,Tablet,1 Month
1029,Canada,47,Male,Smartphone,1 Month
1030,United States,50,Male,Smartphone,1 Month
1031,United States,50,Female,Smart TV,1 Month
1032,Canada,29,Male,Smartphone,1 Month
1033,United Kingdom,38,Male,Tablet,1 Month
1034,Australia,40,Female,Tablet,1 Month
1035,Germany,43,Male,Smartphone,1 Month
1036,France,27,Female,Smartphone,1 Month
1037,Brazil,37,Female,Tablet,1 Month
1038,Mexico,30,Male,Smartphone,1 Month
1039,Spain,50,Male,Laptop,1 Month
1040,Italy,51,Male,Smartphone,1 Month
1041,Spain,37,Female,Laptop,1 Month
1042,Spain,35,Female,Tablet,1 Month
1043,United States,35,Male,Tablet,1 Month
1044,Canada,46,Male,Tablet,1 Month
1045,United States,27,Male,Tablet,1 Month
1046,United States,27,Male,Laptop,1 Month
1047,Canada,39,Female,Laptop,1 Month
1048,United Kingdom,51,Male,Tablet,1 Month
1049,Australia,41,Male,Smartphone,1 Month
1050,Germany,30,Female,Smart TV,1 Month
1051,France,46,Male,Laptop,1 Month
1052,Brazil,31,Male,Tablet,1 Month
1053,Mexico,49,Male,Smartphone,1 Month
1054,Spain,39,Female,Tablet,1 Month
1055,Italy,47,Male,Smartphone,1 Month
1056,Spain,36,Female,Tablet,1 Month
1057,Spain,42,Female,Tablet,1 Month
1058,United States,28,Female,Smart TV,1 Month
1059,Canada,43,Male,Tablet,1 Month
1060,United States,50,Female,Laptop,1 Month
1061,United States,30,Female,Tablet,1 Month
1062,Canada,34,Female,Laptop,1 Month
1063,United Kingdom,35,Female,Laptop,1 Month
1064,Australia,29,Male,Tablet,1 Month
1065,Germany,33,Male,Smart TV,1 Month
1066,France,47,Male,Laptop,1 Month
1067,Brazil,32,Female,Tablet,1 Month
1068,Mexico,34,Female,Tablet,1 Month
1069,Spain,46,Male,Smart TV,1 Month
1070,Italy,31,Male,Tablet,1 Month
1071,Spain,40,Female,Tablet,1 Month
1072,Spain,38,Female,Tablet,1 Month
1073,United States,31,Male,Smart TV,1 Month
1074,Canada,46,Female,Smartphone,1 Month
1075,United States,43,Male,Smart TV,1 Month
1076,United States,38,Female,Laptop,1 Month
1077,Canada,38,Female,Laptop,1 Month
1078,United Kingdom,27,Male,Laptop,1 Month
1079,Australia,49,Female,Tablet,1 Month
1080,Germany,33,Male,Smartphone,1 Month
1081,France,40,Female,Smartphone,1 Month
1082,Brazil,27,Male,Tablet,1 Month
1083,Mexico,28,Female,Laptop,1 Month
1084,Spain,30,Male,Smartphone,1 Month
1085,Italy,33,Female,Smartphone,1 Month
1086,Spain,51,Female,Tablet,1 Month
1087,Spain,51,Male,Tablet,1 Month
1088,United States,50,Female,Smartphone,1 Month
1089,Canada,46,Female,Tablet,1 Month
1090,United States,31,Male,Smart TV,1 Month
1091,United States,46,Female,Smartphone,1 Month
1092,Canada,41,Male,Smart TV,1 Month
1093,United Kingdom,36,Male,Smartphone,1 Month
1094,Australia,45,Female,Tablet,1 Month
1095,Germany,36,Male,Smartphone,1 Month
1096,France,28,Male,Smartphone,1 Month
1097,Brazil,45,Female,Smartphone,1 Month
1098,Mexico,39,Female,Smartphone,1 Month
1099,Spain,51,Female,Laptop,1 Month
1100,Italy,37,Male,Laptop,1 Month
1101,Spain,33,Female,Tablet,1 Month
1102,Spain,32,Female,Smartphone,1 Month
1103,United States,49,Female,Tablet,1 Month
1104,Canada,37,Female,Smart TV,1 Month
1105,United States,39,Male,Tablet,1 Month
1106,United States,37,Male,Smart TV,1 Month
1107,Canada,36,Female,Smart TV,1 Month
1108,United Kingdom,34,Male,Laptop,1 Month
1109,Australia,51,Female,Smartphone,1 Month
1110,Germany,41,Female,Tablet,1 Month
1111,France,51,Male,Smart TV,1 Month
1112,Brazil,31,Female,Tablet,1 Month
1113,Mexico,44,Male,Laptop,1 Month
1114,Spain,50,Male,Smart TV,1 Month
1115,Italy,33,Male,Laptop,1 Month
1116,Spain,44,Female,Laptop,1 Month
1117,Spain,42,Female,Tablet,1 Month
1118,United States,35,Male,Smart TV,1 Month
1119,Canada,48,Male,Smartphone,1 Month
1120,United States,51,Female,Smartphone,1 Month
1121,United States,44,Female,Smart TV,1 Month
1122,Canada,37,Female,Smartphone,1 Month
1123,United Kingdom,35,Female,Laptop,1 Month
1124,Australia,32,Male,Laptop,1 Month
1125,Germany,46,Female,Tablet,1 Month
1126,France,39,Female,Laptop,1 Month
1127,Brazil,33,Female,Tablet,1 Month
1128,Mexico,42,Male,Tablet,1 Month
1129,Spain,37,Female,Smartphone,1 Month
1130,Italy,27,Female,Smart TV,1 Month
1131,Spain,34,Female,Laptop,1 Month
1132,Spain,51,Male,Laptop,1 Month
1133,United States,42,Male,Laptop,1 Month
1134,Canada,46,Female,Smart TV,1 Month
1135,United States,36,Male,Laptop,1 Month
1136,United States,46,Male,Smartphone,1 Month
1137,Canada,51,Male,Smart TV,1 Month
1138,United Kingdom,45,Female,Smartphone,1 Month
1139,Australia,33,Male,Smartphone,1 Month
1140,Germany,31,Female,Smart TV,1 Month
1141,France,48,Female,Smart TV,1 Month
1142,Brazil,47,Female,Laptop,1 Month
1143,Mexico,43,Male,Smart TV,1 Month
1144,Spain,39,Male,Tablet,1 Month
1145,Italy,46,Male,Smart TV,1 Month
1146,Spain,46,Female,Smartphone,1 Month
1147,Spain,40,Female,Tablet,1 Month
1148,United States,38,Male,Smartphone,1 Month
1149,Canada,48,Female,Tablet,1 Month
1150,United States,38,Male,Tablet,1 Month
1151,United States,43,Male,Laptop,1 Month
1152,Canada,29,Male,Smartphone,1 Month
1153,United Kingdom,32,Female,Laptop,1 Month
1154,Australia,32,Female,Laptop,1 Month
1155,Germany,49,Female,Laptop,1 Month
1156,France,51,Female,Laptop,1 Month
1157,Brazil,32,Male,Smart TV,1 Month
1158,Mexico,35,Female,Smart TV,1 Month
1159,Spain,41,Male,Laptop,1 Month
1160,Italy,43,Female,Smart TV,1 Month
1161,Spain,41,Male,Smartphone,1 Month
1162,Spain,51,Male,Smart TV,1 Month
1163,United States,47,Female,Smart TV,1 Month
1164,Canada,39,Male,Smart TV,1 Month
1165,United States,51,Male,Smartphone,1 Month
1166,United States,39,Female,Tablet,1 Month
1167,Canada,45,Male,Tablet,1 Month
1168,United Kingdom,42,Male,Laptop,1 Month
1169,Australia,48,Male,Smartphone,1 Month
1170,Germany,33,Male,Smart TV,1 Month
1171,France,47,Female,Smartphone,1 Month
1172,Brazil,51,Female,Smart TV,1 Month
1173,Mexico,27,Male,Smartphone,1 Month
1174,Spain,44,Female,Laptop,1 Month
1175,Italy,41,Male,Laptop,1 Month
1176,Spain,37,Male,Smart TV,1 Month
1177,Spain,48,Male,Tablet,1 Month
1178,United States,30,Male,Smart TV,1 Month
1179,Canada,44,Female,Smartphone,1 Month
1180,United States,34,Female,Smart TV,1 Month
1181,United States,40,Female,Laptop,1 Month
1182,Canada,28,Female,Smartphone,1 Month
1183,United Kingdom,44,Female,Tablet,1 Month
1184,Australia,38,Female,Laptop,1 Month
1185,Germany,49,Male,Smart TV,1 Month
1186,France,32,Female,Smart TV,1 Month
1187,Brazil,47,Female,Smart TV,1 Month
1188,Mexico,44,Male,Tablet,1 Month
1189,Spain,33,Male,Smartphone,1 Month
1190,Italy,32,Male,Laptop,1 Month
1191,Spain,27,Female,Smartphone,1 Month
1192,Spain,37,Male,Laptop,1 Month
1193,United States,34,Male,Tablet,1 Month
1194,Canada,40,Male,Smart TV,1 Month
1195,United States,45,Female,Smart TV,1 Month
1196,United States,29,Female,Tablet,1 Month
1197,Canada,35,Male,Smart TV,1 Month
1198,United Kingdom,38,Female,Laptop,1 Month
1199,Australia,48,Female,Smart TV,1 Month
1200,Germany,36,Male,Smartphone,1 Month
1201,France,41,Male,Smart TV,1 Month
1202,Brazil,27,Male,Smart TV,1 Month
1203,Mexico,41,Male,Smart TV,1 Month
1204,Spain,42,Male,Laptop,1 Month
1205,Italy,40,Female,Laptop,1 Month
1206,Spain,32,Male,Smart TV,1 Month
1207,Spain,33,Male,Smart TV,1 Month
1208,United States,34,Male,Smartphone,1 Month
1209,Canada,29,Male,Tablet,1 Month
1210,United States,50,Male,Smart TV,1 Month
1211,United States,29,Female,Laptop,1 Month
1212,Canada,40,Female,Tablet,1 Month
1213,United Kingdom,27,Male,Smart TV,1 Month
1214,Australia,51,Female,Smartphone,1 Month
1215,Germany,41,Female,Laptop,1 Month
1216,France,28,Female,Tablet,1 Month
1217,Brazil,42,Male,Laptop,1 Month
1218,Mexico,40,Male,Laptop,1 Month
1219,Spain,48,Female,Smartphone,1 Month
1220,Italy,28,Male,Smart TV,1 Month
1221,Spain,40,Male,Smart TV,1 Month
1222,Spain,33,Female,Tablet,1 Month
1223,United States,33,Male,Smartphone,1 Month
1224,Canada,47,Female,Smartphone,1 Month
1225,United States,50,Female,Smart TV,1 Month
1226,United States,38,Male,Smartphone,1 Month
1227,Canada,36,Female,Tablet,1 Month
1228,United Kingdom,38,Female,Tablet,1 Month
1229,Australia,49,Male,Smartphone,1 Month
1230,Germany,40,Female,Smart TV,1 Month
1231,France,51,Male,Tablet,1 Month
1232,Brazil,42,Female,Smartphone,1 Month
1233,Mexico,41,Female,Smartphone,1 Month
1234,Spain,48,Female,Smartphone,1 Month
1235,Italy,39,Female,Tablet,1 Month
1236,Spain,35,Female,Tablet,1 Month
1237,Spain,32,Female,Tablet,1 Month
1238,United States,28,Female,Smartphone,1 Month
1239,Canada,27,Male,Laptop,1 Month
1240,United States,30,Female,Laptop,1 Month
1241,United States,47,Female,Laptop,1 Month
1242,Canada,49,Female,Tablet,1 Month
1243,United Kingdom,43,Female,Smartphone,1 Month
1244,Australia,42,Male,Tablet,1 Month
1245,Germany,29,Female,Smartphone,1 Month
1246,France,35,Female,Smartphone,1 Month
1247,Brazil,41,Female,Smartphone,1 Month
1248,Mexico,47,Female,Smart TV,1 Month
1249,Spain,28,Female,Smart TV,1 Month
1250,Italy,44,Female,Smartphone,1 Month
1251,Spain,28,Female,Tablet,1 Month
1252,Spain,51,Male,Laptop,1 Month
1253,United States,48,Male,Laptop,1 Month
1254,Canada,49,Female,Tablet,1 Month
1255,United States,50,Male,Smart TV,1 Month
1256,United States,43,Male,Laptop,1 Month
1257,Canada,32,Male,Smart TV,1 Month
1258,United Kingdom,42,Female,Tablet,1 Month
1259,Australia,41,Female,Laptop,1 Month
1260,Germany,31,Male,Laptop,1 Month
1261,France,37,Female,Smart TV,1 Month
1262,Brazil,46,Male,Smart TV,1 Month
1263,Mexico,30,Female,Tablet,1 Month
1264,Spain,30,Female,Smart TV,1 Month
1265,Italy,34,Female,Tablet,1 Month
1266,Spain,47,Female,Laptop,1 Month
1267,Spain,41,Male,Tablet,1 Month
1268,United States,42,Female,Laptop,1 Month
1269,Canada,48,Female,Smartphone,1 Month
1270,United States,30,Female,Smart TV,1 Month
1271,United States,51,Male,Smartphone,1 Month
1272,Canada,27,Male,Smartphone,1 Month
1273,United Kingdom,38,Male,Tablet,1 Month
1274,Australia,29,Female,Smart TV,1 Month
1275,Germany,40,Female,Smartphone,1 Month
1276,France,31,Female,Laptop,1 Month
1277,Brazil,30,Male,Smartphone,1 Month
1278,Mexico,44,Male,Laptop,1 Month
1279,Spain,34,Female,Tablet,1 Month
1280,Italy,28,Female,Laptop,1 Month
1281,Spain,41,Female,Laptop,1 Month
1282,Spain,43,Male,Tablet,1 Month
1283,United States,33,Male,Laptop,1 Month
1284,Canada,32,Female,Tablet,1 Month
1285,United States,39,Male,Smart TV,1 Month
1286,United States,37,Male,Laptop,1 Month
1287,Canada,46,Male,Tablet,1 Month
1288,United Kingdom,39,Male,Smartphone,1 Month
1289,Australia,46,Female,Tablet,1 Month
1290,Germany,43,Male,Laptop,1 Month
1291,France,32,Female,Laptop,1 Month
1292,Brazil,30,Female,Smart TV,1 Month
1293,Mexico,40,Female,Tablet,1 Month
1294,Spain,51,Female,Smartphone,1 Month
1295,Italy,40,Female,Smartphone,1 Month
1296,Spain,28,Male,Smart TV,1 Month
1297,Spain,51,Female,Smartphone,1 Month
1298,United States,27,Male,Laptop,1 Month
1299,Canada,35,Male,Smart TV,1 Month
1300,United States,37,Male,Laptop,1 Month
1301,United States,51,Male,Smart TV,1 Month
1302,Canada,40,Male,Smart TV,1 Month
1303,United Kingdom,38,Male,Laptop,1 Month
1304,Australia,48,Female,Laptop,1 Month
1305,Germany,49,Male,Smartphone,1 Month
1306,France,33,Female,Laptop,1 Month
1307,Brazil,34,Female,Tablet,1 Month
1308,Mexico,39,Male,Tablet,1 Month
1309,Spain,37,Female,Tablet,1 Month
1310,Italy,44,Male,Laptop,1 Month
1311,Spain,35,Male,Tablet,1 Month
1312,Spain,31,Female,Laptop,1 Month
1313,United States,39,Male,Smart TV,1 Month
1314,Canada,38,Male,Tablet,1 Month
1315,United States,42,Male,Smartphone,1 Month
1316,United States,48,Female,Tablet,1 Month
1317,Canada,31,Male,Tablet,1 Month
1318,United Kingdom,42,Male,Smartphone,1 Month
1319,Australia,35,Male,Smartphone,1 Month
1320,Germany,39,Male,Laptop,1 Month
1321,France,50,Female,Tablet,1 Month
1322,Brazil,40,Male,Smartphone,1 Month
1323,Mexico,29,Male,Smartphone,1 Month
1324,Spain,48,Female,Smart TV,1 Month
1325,Italy,34,Male,Smartphone,1 Month
1326,Spain,48,Male,Smartphone,1 Month
1327,Spain,48,Male,Laptop,1 Month
1328,United States,35,Female,Tablet,1 Month
1329,Canada,29,Male,Laptop,1 Month
1330,United States,47,Female,Smart TV,1 Month
1331,United States,36,Male,Smartphone,1 Month
1332,Canada,40,Female,Smartphone,1 Month
1333,United Kingdom,51,Male,Tablet,1 Month
1334,Australia,37,Male,Smart TV,1 Month
1335,Germany,36,Male,Tablet,1 Month
1336,France,45,Male,Tablet,1 Month
1337,Brazil,31,Female,Tablet,1 Month
1338,Mexico,45,Female,Laptop,1 Month
1339,Spain,30,Male,Laptop,1 Month
1340,Italy,40,Female,Smartphone,1 Month
1341,Spain,44,Female,Smart TV,1 Month
1342,Spain,36,Female,Laptop,1 Month
1343,United States,36,Male,Tablet,1 Month
1344,Canada,32,Female,Smartphone,1 Month
1345,United States,46,Male,Smart TV,1 Month
1346,United States,39,Female,Smart TV,1 Month
1347,Canada,30,Male,Smart TV,1 Month
1348,United Kingdom,34,Male,Laptop,1 Month
1349,Australia,28,Male,Laptop,1 Month
1350,Germany,39,Female,Smartphone,1 Month
1351,France,34,Female,Laptop,1 Month
1352,Brazil,42,Male,Laptop,1 Month
1353,Mexico,29,Female,Tablet,1 Month
1354,Spain,29,Male,Tablet,1 Month
1355,Italy,30,Male,Tablet,1 Month
1356,Spain,51,Male,Smartphone,1 Month
1357,Spain,51,Male,Smart TV,1 Month
1358,United States,44,Male,Tablet,1 Month
1359,Canada,35,Male,Laptop,1 Month
1360,United States,39,Male,Smart TV,1 Month
1361,United States,41,Female,Laptop,1 Month
1362,Canada,44,Female,Laptop,1 Month
1363,United Kingdom,29,Male,Laptop,1 Month
1364,Australia,47,Male,Tablet,1 Month
1365,Germany,28,Female,Smartphone,1 Month
1366,France,45,Male,Laptop,1 Month
1367,Brazil,28,Female,Smartphone,1 Month
1368,Mexico,31,Female,Laptop,1 Month
1369,Spain,47,Female,Laptop,1 Month
1370,Italy,42,Female,Tablet,1 Month
1371,Spain,34,Female,Laptop,1 Month
1372,Spain,40,Female,Laptop,1 Month
1373,United States,42,Female,Laptop,1 Month
1374,Canada,33,Male,Smart TV,1 Month
1375,United States,30,Male,Laptop,1 Month
1376,United States,29,Male,Tablet,1 Month
1377,Canada,31,Male,Smart TV,1 Month
1378,United Kingdom,46,Female,Smart TV,1 Month
1379,Australia,46,Female,Smartphone,1 Month
1380,Germany,47,Male,Laptop,1 Month
1381,France,48,Female,Smart TV,1 Month
1382,Brazil,32,Female,Smart TV,1 Month
1383,Mexico,51,Female,Tablet,1 Month
1384,Spain,33,Male,Smart TV,1 Month
1385,Italy,43,Male,Smartphone,1 Month
1386,Spain,43,Female,Smart TV,1 Month
1387,Spain,42,Male,Smart TV,1 Month
1388,United States,30,Male,Smartphone,1 Month
1389,Canada,50,Male,Smartphone,1 Month
1390,United States,51,Female,Laptop,1 Month
1391,United States,36,Female,Tablet,1 Month
1392,Canada,41,Female,Tablet,1 Month
1393,United Kingdom,37,Male,Smart TV,1 Month
1394,Australia,30,Female,Tablet,1 Month
1395,Germany,50,Female,Tablet,1 Month
1396,France,41,Female,Smart TV,1 Month
1397,Brazil,29,Female,Laptop,1 Month
1398,Mexico,43,Male,Smart TV,1 Month
1399,Spain,31,Female,Smart TV,1 Month
1400,Italy,40,Male,Laptop,1 Month
1401,Spain,35,Female,Smart TV,1 Month
1402,Spain,39,Female,Laptop,1 Month
1403,United States,48,Male,Laptop,1 Month
1404,Canada,42,Female,Tablet,1 Month
1405,United States,48,Female,Smart TV,1 Month
1406,United States,33,Female,Smart TV,1 Month
1407,Canada,45,Female,Smart TV,1 Month
1408,United Kingdom,40,Female,Smart TV,1 Month
1409,Australia,38,Male,Tablet,1 Month
1410,Germany,31,Female,Tablet,1 Month
1411,France,33,Female,Smart TV,1 Month
1412,Brazil,27,Male,Laptop,1 Month
1413,Mexico,47,Male,Smartphone,1 Month
1414,Spain,41,Male,Tablet,1 Month
1415,Italy,32,Female,Smart TV,1 Month
1416,Spain,31,Male,Smart TV,1 Month
1417,Spain,43,Female,Tablet,1 Month
1418,United States,42,Female,Smart TV,1 Month
1419,Canada,46,Male,Smartphone,1 Month
1420,United States,27,Female,Smartphone,1 Month
1421,United States,48,Female,Smart TV,1 Month
1422,Canada,49,Male,Laptop,1 Month
1423,United Kingdom,43,Male,Smart TV,1 Month
1424,Australia,38,Male,Laptop,1 Month
1425,Germany,37,Male,Smartphone,1 Month
1426,France,39,Female,Smart TV,1 Month
1427,Brazil,40,Male,Tablet,1 Month
1428,Mexico,40,Male,Smart TV,1 Month
1429,Spain,48,Male,Laptop,1 Month
1430,Italy,43,Female,Smart TV,1 Month
1431,Spain,46,Male,Laptop,1 Month
1432,Spain,43,Male,Smartphone,1 Month
1433,United States,30,Female,Tablet,1 Month
1434,Canada,51,Female,Laptop,1 Month
1435,United States,30,Male,Smartphone,1 Month
1436,United States,47,Female,Smart TV,1 Month
1437,Canada,41,Male,Laptop,1 Month
1438,United Kingdom,45,Female,Smartphone,1 Month
1439,Australia,47,Female,Laptop,1 Month
1440,Germany,48,Female,Smart TV,1 Month
1441,France,51,Female,Tablet,1 Month
1442,Brazil,29,Male,Smart TV,1 Month
1443,Mexico,43,Female,Laptop,1 Month
1444,Spain,49,Female,Tablet,1 Month
1445,Italy,37,Male,Smartphone,1 Month
1446,Spain,48,Male,Tablet,1 Month
1447,Spain,36,Female,Tablet,1 Month
1448,United States,33,Female,Laptop,1 Month
1449,Canada,38,Female,Laptop,1 Month
1450,United States,42,Female,Smartphone,1 Month
1451,United States,30,Female,Tablet,1 Month
1452,Canada,39,Male,Smart TV,1 Month
1453,United Kingdom,36,Male,Smartphone,1 Month
1454,Australia,27,Female,Smartphone,1 Month
1455,Germany,49,Male,Smart TV,1 Month
1456,France,31,Male,Laptop,1 Month
1457,Brazil,36,Male,Laptop,1 Month
1458,Mexico,41,Female,Tablet,1 Month
1459,Spain,45,Female,Laptop,1 Month
1460,Italy,45,Male,Smart TV,1 Month
1461,Spain,32,Male,Smart TV,1 Month
1462,Spain,41,Female,Smartphone,1 Month
1463,United States,37,Male,Smart TV,1 Month
1464,Canada,27,Male,Laptop,1 Month
1465,United States,41,Male,Laptop,1 Month
1466,United States,30,Female,Smart TV,1 Month
1467,Canada,43,Male,Smartphone,1 Month
1468,United Kingdom,51,Male,Laptop,1 Month
1469,Australia,46,Female,Smart TV,1 Month
1470,Germany,27,Female,Tablet,1 Month
1471,France,51,Female,Smartphone,1 Month
1472,Brazil,28,Female,Laptop,1 Month
1473,Mexico,33,Male,Smartphone,1 Month
1474,Spain,31,Female,Laptop,1 Month
1475,Italy,47,Male,Laptop,1 Month
1476,Spain,45,Female,Tablet,1 Month
1477,Spain,42,Male,Smart TV,1 Month
1478,United States,47,Female,Smart TV,1 Month
1479,Canada,29,Female,Smart TV,1 Month
1480,United States,49,Female,Laptop,1 Month
1481,United States,41,Female,Laptop,1 Month
1482,Canada,45,Male,Smartphone,1 Month
1483,United Kingdom,49,Male,Smart TV,1 Month
1484,Australia,41,Male,Smart TV,1 Month
1485,Germany,37,Male,Laptop,1 Month
1486,France,31,Male,Smartphone,1 Month
1487,Brazil,29,Male,Smartphone,1 Month
1488,Mexico,51,Female,Smart TV,1 Month
1489,Spain,33,Male,Smart TV,1 Month
1490,Italy,31,Male,Smartphone,1 Month
1491,Spain,42,Female,Laptop,1 Month
1492,Spain,48,Female,Laptop,1 Month
1493,United States,37,Female,Laptop,1 Month
1494,Canada,51,Female,Smartphone,1 Month
1495,United States,29,Female,Tablet,1 Month
1496,United States,46,Male,Tablet,1 Month
1497,Canada,35,Male,Smart TV,1 Month
1498,United Kingdom,44,Female,Smartphone,1 Month
1499,Australia,36,Male,Smart TV,1 Month
1500,Germany,38,Female,Tablet,1 Month
1501,France,36,Male,Smart TV,1 Month
1502,Brazil,40,Female,Laptop,1 Month
1503,Mexico,29,Male,Laptop,1 Month
1504,Spain,32,Male,Smart TV,1 Month
1505,Italy,30,Male,Laptop,1 Month
1506,Spain,47,Male,Smartphone,1 Month
1507,Spain,28,Female,Tablet,1 Month
1508,United States,49,Male,Laptop,1 Month
1509,Canada,50,Male,Smartphone,1 Month
1510,United States,33,Male,Smart TV,1 Month
1511,United States,50,Male,Smart TV,1 Month
1512,Canada,28,Female,Smart TV,1 Month
1513,United Kingdom,41,Male,Smartphone,1 Month
1514,Australia,30,Female,Smartphone,1 Month
1515,Germany,32,Male,Smart TV,1 Month
1516,France,50,Male,Laptop,1 Month
1517,Brazil,28,Female,Smart TV,1 Month
1518,Mexico,45,Male,Smart TV,1 Month
1519,Spain,31,Male,Tablet,1 Month
1520,Italy,27,Female,Smartphone,1 Month
1521,Spain,49,Male,Tablet,1 Month
1522,Spain,32,Female,Laptop,1 Month
1523,United States,38,Male,Smart TV,1 Month
1524,Canada,39,Male,Smartphone,1 Month
1525,United States,50,Female,Tablet,1 Month
1526,United States,51,Male,Tablet,1 Month
1527,Canada,32,Female,Smart TV,1 Month
1528,United Kingdom,45,Female,Smart TV,1 Month
1529,Australia,31,Female,Laptop,1 Month
1530,Germany,44,Male,Smartphone,1 Month
1531,France,30,Female,Tablet,1 Month
1532,Brazil,44,Female,Tablet,1 Month
1533,Mexico,37,Male,Tablet,1 Month
1534,Spain,30,Female,Tablet,1 Month
1535,Italy,31,Female,Smart TV,1 Month
1536,Spain,31,Female,Laptop,1 Month
1537,Spain,44,Male,Tablet,1 Month
1538,United States,44,Female,Smart TV,1 Month
1539,Canada,34,Male,Laptop,1 Month
1540,United States,42,Male,Laptop,1 Month
1541,United States,33,Male,Smartphone,1 Month
1542,Canada,35,Male,Smart TV,1 Month
1543,United Kingdom,34,Female,Laptop,1 Month
1544,Australia,47,Male,Tablet,1 Month
1545,Germany,43,Female,Laptop,1 Month
1546,France,43,Male,Smart TV,1 Month
1547,Brazil,35,Female,Smartphone,1 Month
1548,Mexico,39,Male,Tablet,1 Month
1549,Spain,39,Male,Tablet,1 Month
1550,Italy,49,Female,Smart TV,1 Month
1551,Spain,30,Male,Tablet,1 Month
1552,Spain,31,Female,Tablet,1 Month
1553,United States,39,Male,Tablet,1 Month
1554,Canada,30,Female,Laptop,1 Month
1555,United States,43,Female,Smartphone,1 Month
1556,United States,29,Female,Smartphone,1 Month
1557,Canada,46,Male,Smart TV,1 Month
1558,United Kingdom,35,Male,Smartphone,1 Month
1559,Australia,30,Male,Tablet,1 Month
1560,Germany,39,Female,Smart TV,1 Month
1561,France,41,Male,Laptop,1 Month
1562,Brazil,27,Male,Smartphone,1 Month
1563,Mexico,42,Male,Laptop,1 Month
1564,Spain,45,Female,Tablet,1 Month
1565,Italy,36,Female,Smart TV,1 Month
1566,Spain,35,Male,Laptop,1 Month
1567,Spain,38,Male,Smartphone,1 Month
1568,United States,41,Female,Smart TV,1 Month
1569,Canada,43,Male,Tablet,1 Month
1570,United States,44,Male,Tablet,1 Month
1571,United States,35,Male,Tablet,1 Month
1572,Canada,39,Male,Laptop,1 Month
1573,United Kingdom,43,Male,Smart TV,1 Month
1574,Australia,36,Male,Smart TV,1 Month
1575,Germany,49,Female,Laptop,1 Month
1576,France,29,Female,Smartphone,1 Month
1577,Brazil,45,Male,Tablet,1 Month
1578,Mexico,44,Female,Laptop,1 Month
1579,Spain,40,Female,Smart TV,1 Month
1580,Italy,51,Female,Smart TV,1 Month
1581,Spain,30,Female,Smart TV,1 Month
1582,Spain,50,Male,Smart TV,1 Month
1583,United States,39,Male,Tablet,1 Month
1584,Canada,51,Male,Tablet,1 Month
1585,United States,42,Male,Laptop,1 Month
1586,United States,34,Female,Tablet,1 Month
1587,Canada,28,Male,Tablet,1 Month
1588,United Kingdom,43,Male,Tablet,1 Month
1589,Australia,27,Female,Tablet,1 Month
1590,Germany,49,Female,Smart TV,1 Month
1591,France,35,Female,Laptop,1 Month
1592,Brazil,34,Male,Tablet,1 Month
1593,Mexico,28,Male,Smartphone,1 Month
1594,Spain,49,Female,Tablet,1 Month
1595,Italy,51,Female,Tablet,1 Month
1596,Spain,36,Male,Laptop,1 Month
1597,Spain,37,Male,Smart TV,1 Month
1598,United States,48,Male,Laptop,1 Month
1599,Canada,45,Female,Smart TV,1 Month
1600,United States,39,Male,Tablet,1 Month
1601,United States,39,Male,Smartphone,1 Month
1602,Canada,46,Female,Smart TV,1 Month
1603,United Kingdom,30,Female,Smartphone,1 Month
1604,Australia,32,Female,Smartphone,1 Month
1605,Germany,39,Male,Laptop,1 Month
1606,France,35,Female,Smartphone,1 Month
1607,Brazil,41,Female,Smartphone,1 Month
1608,Mexico,32,Female,Smart TV,1 Month
1609,Spain,41,Female,Smart TV,1 Month
1610,Italy,36,Female,Smart TV,1 Month
1611,Spain,49,Male,Laptop,1 Month
1612,Spain,30,Female,Smartphone,1 Month
1613,United States,40,Female,Smartphone,1 Month
1614,Canada,46,Female,Tablet,1 Month
1615,United States,30,Female,Smart TV,1 Month
1616,United States,48,Male,Laptop,1 Month
1617,Canada,50,Male,Tablet,1 Month
1618,United Kingdom,27,Male,Smart TV,1 Month
1619,Australia,51,Female,Laptop,1 Month
1620,Germany,38,Male,Smartphone,1 Month
1621,France,39,Male,Laptop,1 Month
1622,Brazil,45,Female,Smart TV,1 Month
1623,Mexico,29,Male,Laptop,1 Month
1624,Spain,35,Male,Smartphone,1 Month
1625,Italy,51,Female,Smart TV,1 Month
1626,Spain,51,Male,Smart TV,1 Month
1627,Spain,42,Female,Smartphone,1 Month
1628,United States,48,Female,Laptop,1 Month
1629,Canada,40,Male,Smart TV,1 Month
1630,United States,39,Male,Smart TV,1 Month
1631,United States,44,Male,Laptop,1 Month
1632,Canada,27,Female,Laptop,1 Month
1633,United Kingdom,35,Male,Tablet,1 Month
1634,Australia,45,Male,Smart TV,1 Month
1635,Germany,33,Male,Tablet,1 Month
1636,France,32,Female,Smart TV,1 Month
1637,Brazil,51,Female,Laptop,1 Month
1638,Mexico,40,Female,Tablet,1 Month
1639,Spain,47,Male,Laptop,1 Month
1640,Italy,42,Male,Smart TV,1 Month
1641,Spain,41,Male,Tablet,1 Month
1642,Spain,43,Male,Tablet,1 Month
1643,United States,42,Female,Tablet,1 Month
1644,Canada,28,Male,Smartphone,1 Month
1645,United States,40,Female,Laptop,1 Month
1646,United States,46,Female,Tablet,1 Month
1647,Canada,39,Female,Laptop,1 Month
1648,United Kingdom,41,Female,Smartphone,1 Month
1649,Australia,30,Male,Tablet,1 Month
1650,Germany,32,Male,Tablet,1 Month
1651,France,38,Male,Smart TV,1 Month
1652,Brazil,38,Male,Tablet,1 Month
1653,Mexico,32,Male,Smartphone,1 Month
1654,Spain,27,Male,Tablet,1 Month
1655,Italy,50,Female,Tablet,1 Month
1656,Spain,30,Male,Smartphone,1 Month
1657,Spain,49,Male,Smartphone,1 Month
1658,United States,32,Female,Laptop,1 Month
1659,Canada,35,Male,Smartphone,1 Month
1660,United States,44,Male,Tablet,1 Month
1661,United States,49,Female,Laptop,1 Month
1662,Canada,39,Male,Smartphone,1 Month
1663,United Kingdom,38,Female,Smartphone,1 Month
1664,Australia,38,Female,Laptop,1 Month
1665,Germany,37,Male,Smartphone,1 Month
1666,France,28,Male,Laptop,1 Month
1667,Brazil,49,Male,Tablet,1 Month
1668,Mexico,33,Female,Tablet,1 Month
1669,Spain,48,Male,Tablet,1 Month
1670,Italy,34,Male,Tablet,1 Month
1671,Spain,39,Female,Smartphone,1 Month
1672,Spain,30,Male,Tablet,1 Month
1673,United States,37,Male,Tablet,1 Month
1674,Canada,38,Male,Smart TV,1 Month
1675,United States,42,Female,Laptop,1 Month
1676,United States,35,Female,Laptop,1 Month
1677,Canada,30,Male,Tablet,1 Month
1678,United Kingdom,48,Female,Smart TV,1 Month
1679,Australia,48,Male,Tablet,1 Month
1680,Germany,32,Male,Laptop,1 Month
1681,France,27,Male,Smart TV,1 Month
1682,Brazil,48,Female,Laptop,1 Month
1683,Mexico,33,Male,Laptop,1 Month
1684,Spain,28,Male,Smartphone,1 Month
1685,Italy,46,Male,Laptop,1 Month
1686,Spain,40,Male,Laptop,1 Month
1687,Spain,49,Male,Smartphone,1 Month
1688,United States,41,Female,Tablet,1 Month
1689,Canada,38,Male,Tablet,1 Month
1690,United States,42,Female,Laptop,1 Month
1691,United States,27,Female,Smart TV,1 Month
1692,Canada,41,Female,Tablet,1 Month
1693,United Kingdom,41,Female,Tablet,1 Month
1694,Australia,49,Male,Laptop,1 Month
1695,Germany,28,Female,Smartphone,1 Month
1696,France,44,Male,Laptop,1 Month
1697,Brazil,47,Female,Tablet,1 Month
1698,Mexico,29,Male,Tablet,1 Month
1699,Spain,31,Female,Laptop,1 Month
1700,Italy,28,Female,Smart TV,1 Month
1701,Spain,32,Male,Smart TV,1 Month
1702,Spain,43,Male,Smartphone,1 Month
1703,United States,48,Male,Smart TV,1 Month
1704,Canada,28,Male,Laptop,1 Month
1705,United States,31,Female,Tablet,1 Month
1706,United States,47,Male,Laptop,1 Month
1707,Canada,39,Female,Smartphone,1 Month
1708,United Kingdom,35,Male,Smartphone,1 Month
1709,Australia,42,Female,Smartphone,1 Month
1710,Germany,30,Male,Smart TV,1 Month
1711,France,34,Male,Smartphone,1 Month
1712,Brazil,35,Male,Smartphone,1 Month
1713,Mexico,31,Female,Tablet,1 Month
1714,Spain,36,Female,Tablet,1 Month
1715,Italy,31,Female,Laptop,1 Month
1716,Spain,32,Male,Smart TV,1 Month
1717,Spain,46,Female,Smartphone,1 Month
1718,United States,30,Male,Tablet,1 Month
1719,Canada,46,Male,Laptop,1 Month
1720,United States,44,Female,Tablet,1 Month
1721,United States,34,Male,Tablet,1 Month
1722,Canada,31,Male,Tablet,1 Month
1723,United Kingdom,34,Male,Smart TV,1 Month
1724,Australia,28,Male,Laptop,1 Month
1725,Germany,36,Female,Smartphone,1 Month
1726,France,48,Female,Laptop,1 Month
1727,Brazil,40,Male,Smartphone,1 Month
1728,Mexico,35,Male,Smartphone,1 Month
1729,Spain,41,Male,Laptop,1 Month
1730,Italy,28,Female,Smartphone,1 Month
1731,Spain,37,Male,Tablet,1 Month
1732,Spain,33,Male,Smartphone,1 Month
1733,United States,27,Female,Tablet,1 Month
1734,Canada,35,Male,Tablet,1 Month
1735,United States,27,Male,Smartphone,1 Month
1736,United States,29,Female,Smartphone,1 Month
1737,Canada,28,Female,Laptop,1 Month
1738,United Kingdom,33,Female,Smartphone,1 Month
1739,Australia,35,Female,Smartphone,1 Month
1740,Germany,37,Female,Laptop,1 Month
1741,France,31,Male,Smartphone,1 Month
1742,Brazil,27,Male,Laptop,1 Month
1743,Mexico,48,Male,Tablet,1 Month
1744,Spain,30,Female,Smart TV,1 Month
1745,Italy,45,Male,Tablet,1 Month
1746,Spain,28,Male,Smart TV,1 Month
1747,Spain,30,Female,Laptop,1 Month
1748,United States,48,Male,Smartphone,1 Month
1749,Canada,37,Female,Laptop,1 Month
1750,United States,28,Female,Smartphone,1 Month
1751,United States,43,Female,Tablet,1 Month
1752,Canada,36,Male,Laptop,1 Month
1753,United Kingdom,47,Male,Laptop,1 Month
1754,Australia,42,Male,Smart TV,1 Month
1755,Germany,50,Male,Laptop,1 Month
1756,France,41,Male,Tablet,1 Month
1757,Brazil,43,Male,Laptop,1 Month
1758,Mexico,35,Male,Laptop,1 Month
1759,Spain,51,Male,Smart TV,1 Month
1760,Italy,35,Male,Tablet,1 Month
1761,Spain,37,Male,Smart TV,1 Month
1762,Spain,28,Female,Smartphone,1 Month
1763,United States,32,Female,Smartphone,1 Month
1764,Canada,37,Female,Tablet,1 Month
1765,United States,37,Female,Tablet,1 Month
1766,United States,34,Female,Smart TV,1 Month
1767,Canada,30,Female,Tablet,1 Month
1768,United Kingdom,35,Male,Tablet,1 Month
1769,Australia,41,Female,Laptop,1 Month
1770,Germany,50,Female,Tablet,1 Month
1771,France,48,Female,Laptop,1 Month
1772,Brazil,29,Male,Smart TV,1 Month
1773,Mexico,37,Male,Tablet,1 Month
1774,Spain,36,Female,Tablet,1 Month
1775,Italy,45,Male,Tablet,1 Month
1776,Spain,27,Female,Smart TV,1 Month
1777,Spain,31,Female,Tablet,1 Month
1778,United States,42,Female,Tablet,1 Month
1779,Canada,43,Female,Smartphone,1 Month
1780,United States,43,Male,Smart TV,1 Month
1781,United States,35,Female,Laptop,1 Month
1782,Canada,51,Male,Laptop,1 Month
1783,United Kingdom,42,Female,Smartphone,1 Month
1784,Australia,36,Male,Tablet,1 Month
1785,Germany,50,Female,Tablet,1 Month
1786,France,43,Female,Laptop,1 Month
1787,Brazil,28,Male,Laptop,1 Month
1788,Mexico,48,Female,Smart TV,1 Month
1789,Spain,47,Female,Tablet,1 Month
1790,Italy,31,Male,Smart TV,1 Month
1791,Spain,45,Male,Laptop,1 Month
1792,Spain,45,Female,Tablet,1 Month
1793,United States,42,Female,Smart TV,1 Month
1794,Canada,36,Female,Tablet,1 Month
1795,United States,32,Male,Smart TV,1 Month
1796,United States,50,Male,Tablet,1 Month
1797,Canada,39,Male,Smart TV,1 Month
1798,United Kingdom,51,Male,Smartphone,1 Month
1799,Australia,49,Female,Tablet,1 Month
1800,Germany,42,Male,Tablet,1 Month
1801,France,46,Male,Tablet,1 Month
1802,Brazil,30,Male,Smartphone,1 Month
1803,Mexico,48,Male,Smart TV,1 Month
1804,Spain,40,Female,Laptop,1 Month
1805,Italy,50,Female,Smart TV,1 Month
1806,Spain,49,Female,Laptop,1 Month
1807,Spain,37,Male,Smartphone,1 Month
1808,United States,43,Male,Laptop,1 Month
1809,Canada,40,Female,Tablet,1 Month
1810,United States,27,Male,Laptop,1 Month
1811,United States,47,Male,Smart TV,1 Month
1812,Canada,50,Male,Smartphone,1 Month
1813,United Kingdom,31,Female,Smartphone,1 Month
1814,Australia,33,Male,Smartphone,1 Month
1815,Germany,42,Female,Tablet,1 Month
1816,France,51,Female,Laptop,1 Month
1817,Brazil,43,Female,Smartphone,1 Month
1818,Mexico,45,Female,Smart TV,1 Month
1819,Spain,48,Female,Tablet,1 Month
1820,Italy,48,Female,Smart TV,1 Month
1821,Spain,30,Male,Smartphone,1 Month
1822,Spain,29,Female,Tablet,1 Month
1823,United States,28,Male,Tablet,1 Month
1824,Canada,46,Female,Laptop,1 Month
1825,United States,45,Male,Smart TV,1 Month
1826,United States,30,Male,Tablet,1 Month
1827,Canada,44,Female,Laptop,1 Month
1828,United Kingdom,46,Male,Laptop,1 Month
1829,Australia,36,Female,Tablet,1 Month
1830,Germany,27,Female,Smartphone,1 Month
1831,France,43,Male,Laptop,1 Month
1832,Brazil,48,Female,Smartphone,1 Month
1833,Mexico,36,Female,Smartphone,1 Month
1834,Spain,44,Male,Smart TV,1 Month
1835,Italy,41,Female,Tablet,1 Month
1836,Spain,29,Female,Smart TV,1 Month
1837,Spain,28,Female,Smartphone,1 Month
1838,United States,36,Female,Smartphone,1 Month
1839,Canada,36,Female,Smart TV,1 Month
1840,United States,40,Male,Laptop,1 Month
1841,United States,35,Female,Tablet,1 Month
1842,Canada,34,Female,Smartphone,1 Month
1843,United Kingdom,46,Male,Laptop,1 Month
1844,Australia,47,Female,Smart TV,1 Month
1845,Germany,32,Female,Smartphone,1 Month
1846,France,45,Male,Smartphone,1 Month
1847,Brazil,31,Female,Smartphone,1 Month
1848,Mexico,49,Male,Laptop,1 Month
1849,Spain,33,Female,Smartphone,1 Month
1850,Italy,30,Male,Smartphone,1 Month
1851,Spain,48,Female,Laptop,1 Month
1852,Spain,49,Female,Tablet,1 Month
1853,United States,43,Male,Laptop,1 Month
1854,Canada,46,Female,Laptop,1 Month
1855,United States,33,Male,Smartphone,1 Month
1856,United States,31,Female,Smartphone,1 Month
1857,Canada,44,Female,Smart TV,1 Month
1858,United Kingdom,34,Male,Smart TV,1 Month
1859,Australia,41,Male,Laptop,1 Month
1860,Germany,42,Male,Laptop,1 Month
1861,France,38,Female,Laptop,1 Month
1862,Brazil,31,Female,Tablet,1 Month
1863,Mexico,35,Female,Smartphone,1 Month
1864,Spain,32,Male,Smartphone,1 Month
1865,Italy,39,Male,Smartphone,1 Month
1866,Spain,42,Male,Laptop,1 Month
1867,Spain,31,Male,Tablet,1 Month
1868,United States,38,Male,Tablet,1 Month
1869,Canada,48,Male,Smart TV,1 Month
1870,United States,29,Male,Tablet,1 Month
1871,United States,43,Female,Smart TV,1 Month
1872,Canada,49,Female,Smartphone,1 Month
1873,United Kingdom,50,Male,Smartphone,1 Month
1874,Australia,50,Male,Smartphone,1 Month
1875,Germany,51,Male,Smart TV,1 Month
1876,France,29,Male,Tablet,1 Month
1877,Brazil,50,Female,Smartphone,1 Month
1878,Mexico,39,Female,Tablet,1 Month
1879,Spain,27,Female,Smart TV,1 Month
1880,Italy,29,Male,Smart TV,1 Month
1881,Spain,28,Male,Tablet,1 Month
1882,Spain,46,Male,Smartphone,1 Month
1883,United States,50,Female,Tablet,1 Month
1884,Canada,33,Female,Tablet,1 Month
1885,United States,32,Female,Tablet,1 Month
1886,United States,38,Male,Smart TV,1 Month
1887,Canada,49,Male,Smart TV,1 Month
1888,United Kingdom,50,Male,Laptop,1 Month
1889,Australia,37,Female,Laptop,1 Month
1890,Germany,33,Female,Laptop,1 Month
1891,France,33,Female,Tablet,1 Month
1892,Brazil,46,Male,Smartphone,1 Month
1893,Mexico,28,Male,Smartphone,1 Month
1894,Spain,33,Male,Tablet,1 Month
1895,Italy,45,Male,Laptop,1 Month
1896,Spain,43,Male,Laptop,1 Month
1897,Spain,49,Female,Smartphone,1 Month
1898,United States,41,Female,Tablet,1 Month
1899,Canada,39,Female,Smartphone,1 Month
1900,United States,45,Female,Smartphone,1 Month
1901,United States,38,Male,Tablet,1 Month
1902,Canada,30,Male,Smart TV,1 Month
1903,United Kingdom,27,Female,Smart TV,1 Month
1904,Australia,36,Female,Smartphone,1 Month
1905,Germany,36,Female,Tablet,1 Month
1906,France,28,Male,Tablet,1 Month
1907,Brazil,45,Female,Smartphone,1 Month
1908,Mexico,41,Male,Smartphone,1 Month
1909,Spain,29,Male,Smart TV,1 Month
1910,Italy,35,Male,Smartphone,1 Month
1911,Spain,36,Female,Smart TV,1 Month
1912,Spain,41,Male,Laptop,1 Month
1913,United States,46,Male,Tablet,1 Month
1914,Canada,46,Female,Tablet,1 Month
1915,United States,42,Male,Smartphone,1 Month
1916,United States,40,Male,Tablet,1 Month
1917,Canada,32,Female,Tablet,1 Month
1918,United Kingdom,34,Female,Smartphone,1 Month
1919,Australia,27,Female,Smart TV,1 Month
1920,Germany,38,Male,Laptop,1 Month
1921,France,34,Female,Laptop,1 Month
1922,Brazil,28,Male,Tablet,1 Month
1923,Mexico,48,Male,Smartphone,1 Month
1924,Spain,42,Female,Laptop,1 Month
1925,Italy,37,Female,Smart TV,1 Month
1926,Spain,28,Female,Tablet,1 Month
1927,Spain,43,Female,Smart TV,1 Month
1928,United States,44,Female,Smart TV,1 Month
1929,Canada,33,Female,Smartphone,1 Month
1930,United States,36,Male,Smart TV,1 Month
1931,United States,27,Male,Tablet,1 Month
1932,Canada,41,Male,Tablet,1 Month
1933,United Kingdom,32,Male,Smart TV,1 Month
1934,Australia,36,Female,Laptop,1 Month
1935,Germany,36,Female,Tablet,1 Month
1936,France,36,Male,Laptop,1 Month
1937,Brazil,32,Male,Smart TV,1 Month
1938,Mexico,45,Female,Smartphone,1 Month
1939,Spain,43,Female,Tablet,1 Month
1940,Italy,35,Male,Tablet,1 Month
1941,Spain,29,Female,Smart TV,1 Month
1942,Spain,33,Female,Smart TV,1 Month
1943,United States,49,Male,Smart TV,1 Month
1944,Canada,27,Male,Tablet,1 Month
1945,United States,39,Female,Smart TV,1 Month
1946,United States,34,Female,Smart TV,1 Month
1947,Canada,39,Male,Smartphone,1 Month
1948,United Kingdom,39,Female,Laptop,1 Month
1949,Australia,39,Female,Smart TV,1 Month
1950,Germany,40,Female,Laptop,1 Month
1951,France,40,Male,Tablet,1 Month
1952,Brazil,31,Male,Smartphone,1 Month
1953,Mexico,47,Male,Smartphone,1 Month
1954,Spain,43,Male,Laptop,1 Month
1955,Italy,34,Male,Smartphone,1 Month
1956,Spain,30,Female,Tablet,1 Month
1957,Spain,33,Female,Smartphone,1 Month
1958,United States,29,Male,Tablet,1 Month
1959,Canada,35,Female,Smartphone,1 Month
1960,United States,41,Female,Laptop,1 Month
1961,United States,34,Female,Smartphone,1 Month
1962,Canada,28,Female,Tablet,1 Month
1963,United Kingdom,31,Male,Smart TV,1 Month
1964,Australia,29,Male,Smart TV,1 Month
1965,Germany,44,Female,Tablet,1 Month
1966,France,44,Female,Tablet,1 Month
1967,Brazil,29,Male,Laptop,1 Month
1968,Mexico,32,Female,Tablet,1 Month
1969,Spain,31,Male,Smartphone,1 Month
1970,Italy,27,Male,Laptop,1 Month
1971,Spain,43,Female,Laptop,1 Month
1972,Spain,48,Male,Tablet,1 Month
1973,United States,37,Female,Tablet,1 Month
1974,Canada,42,Male,Smartphone,1 Month
1975,United States,40,Male,Tablet,1 Month
1976,United States,37,Female,Tablet,1 Month
1977,Canada,31,Male,Smartphone,1 Month
1978,United Kingdom,30,Male,Smart TV,1 Month
1979,Australia,51,Female,Smartphone,1 Month
1980,Germany,42,Female,Laptop,1 Month
1981,France,37,Female,Smartphone,1 Month
1982,Brazil,44,Female,Smartphone,1 Month
1983,Mexico,37,Male,Tablet,1 Month
1984,Spain,44,Male,Smartphone,1 Month
1985,Italy,40,Male,Tablet,1 Month
1986,Spain,27,Male,Smart TV,1 Month
1987,Spain,31,Male,Smart TV,1 Month
1988,United States,39,Female,Smartphone,1 Month
1989,Canada,47,Female,Tablet,1 Month
1990,United States,30,Male,Smart TV,1 Month
1991,United States,35,Male,Laptop,1 Month
1992,Canada,39,Male,Smartphone,1 Month
1993,United Kingdom,29,Female,Tablet,1 Month
1994,Australia,28,Male,Laptop,1 Month
1995,Germany,39,Male,Tablet,1 Month
1996,France,34,Male,Smart TV,1 Month
1997,Brazil,47,Male,Smart TV,1 Month
1998,Mexico,47,Female,Smart TV,1 Month
1999,Spain,46,Male,Smart TV,1 Month
2000,Italy,31,Male,Smart TV,1 Month
2001,Spain,41,Female,Smart TV,1 Month
2002,Spain,30,Female,Smartphone,1 Month
2003,United States,41,Male,Tablet,1 Month
2004,Canada,48,Female,Laptop,1 Month
2005,United States,35,Female,Laptop,1 Month
2006,United States,41,Female,Laptop,1 Month
2007,Canada,39,Female,Smart TV,1 Month
2008,United Kingdom,45,Male,Laptop,1 Month
2009,Australia,41,Male,Laptop,1 Month
2010,Germany,28,Male,Laptop,1 Month
2011,France,28,Female,Tablet,1 Month
2012,Brazil,48,Male,Smart TV,1 Month
2013,Mexico,40,Female,Smart TV,1 Month
2014,Spain,39,Male,Smart TV,1 Month
2015,Italy,27,Male,Smartphone,1 Month
2016,Spain,32,Female,Smart TV,1 Month
2017,Spain,38,Male,Laptop,1 Month
2018,United States,41,Female,Laptop,1 Month
2019,Canada,32,Female,Laptop,1 Month
2020,United States,37,Male,Tablet,1 Month
2021,United States,50,Female,Laptop,1 Month
2022,Canada,48,Female,Laptop,1 Month
2023,United Kingdom,37,Male,Tablet,1 Month
2024,Australia,46,Female,Laptop,1 Month
2025,Germany,46,Male,Laptop,1 Month
2026,France,39,Male,Smart TV,1 Month
2027,Brazil,42,Female,Smart TV,1 Month
2028,Mexico,41,Female,Smartphone,1 Month
2029,Spain,28,Male,Smart TV,1 Month
2030,Italy,43,Male,Tablet,1 Month
2031,Spain,45,Female,Smart TV,1 Month
2032,Spain,45,Male,Smart TV,1 Month
2033,United States,48,Male,Smartphone,1 Month
2034,Canada,30,Male,Laptop,1 Month
2035,United States,51,Female,Smart TV,1 Month
2036,United States,48,Female,Smartphone,1 Month
2037,Canada,41,Female,Smart TV,1 Month
2038,United Kingdom,37,Female,Smartphone,1 Month
2039,Australia,43,Male,Laptop,1 Month
2040,Germany,51,Male,Laptop,1 Month
2041,France,34,Female,Smartphone,1 Month
2042,Brazil,35,Female,Smartphone,1 Month
2043,Mexico,45,Female,Smart TV,1 Month
2044,Spain,31,Male,Smart TV,1 Month
2045,Italy,50,Female,Laptop,1 Month
2046,Spain,41,Male,Smartphone,1 Month
2047,Spain,42,Female,Laptop,1 Month
2048,United States,41,Male,Tablet,1 Month
2049,Canada,34,Male,Tablet,1 Month
2050,United States,35,Female,Smartphone,1 Month
2051,United States,48,Male,Smartphone,1 Month
2052,Canada,39,Female,Smart TV,1 Month
2053,United Kingdom,37,Female,Laptop,1 Month
2054,Australia,31,Male,Tablet,1 Month
2055,Germany,29,Female,Laptop,1 Month
2056,France,36,Male,Tablet,1 Month
2057,Brazil,32,Male,Smartphone,1 Month
2058,Mexico,31,Female,Smartphone,1 Month
2059,Spain,31,Male,Laptop,1 Month
2060,Italy,29,Male,Smart TV,1 Month
2061,Spain,48,Male,Smart TV,1 Month
2062,Spain,46,Male,Tablet,1 Month
2063,United States,35,Female,Smartphone,1 Month
2064,Canada,37,Female,Tablet,1 Month
2065,United States,45,Female,Tablet,1 Month
2066,United States,48,Female,Laptop,1 Month
2067,Canada,44,Female,Laptop,1 Month
2068,United Kingdom,47,Female,Laptop,1 Month
2069,Australia,35,Male,Smart TV,1 Month
2070,Germany,35,Female,Smartphone,1 Month
2071,France,35,Male,Smartphone,1 Month
2072,Brazil,49,Female,Laptop,1 Month
2073,Mexico,50,Female,Tablet,1 Month
2074,Spain,44,Male,Smartphone,1 Month
2075,Italy,47,Female,Tablet,1 Month
2076,Spain,46,Female,Laptop,1 Month
2077,Spain,39,Female,Laptop,1 Month
2078,United States,34,Male,Laptop,1 Month
2079,Canada,31,Female,Smart TV,1 Month
2080,United States,46,Female,Laptop,1 Month
2081,United States,30,Male,Smart TV,1 Month
2082,Canada,29,Male,Tablet,1 Month
2083,United Kingdom,42,Male,Tablet,1 Month
2084,Australia,27,Female,Smartphone,1 Month
2085,Germany,33,Male,Laptop,1 Month
2086,France,45,Female,Smart TV,1 Month
2087,Brazil,50,Male,Tablet,1 Month
2088,Mexico,42,Female,Tablet,1 Month
2089,Spain,29,Male,Tablet,1 Month
2090,Italy,31,Female,Tablet,1 Month
2091,Spain,42,Female,Smartphone,1 Month
2092,Spain,44,Female,Laptop,1 Month
2093,United States,34,Male,Smart TV,1 Month
2094,Canada,40,Female,Smart TV,1 Month
2095,United States,38,Male,Smart TV,1 Month
2096,United States,42,Female,Tablet,1 Month
2097,Canada,47,Male,Tablet,1 Month
2098,United Kingdom,29,Female,Tablet,1 Month
2099,Australia,29,Male,Laptop,1 Month
2100,Germany,44,Female,Smart TV,1 Month
2101,France,31,Male,Tablet,1 Month
2102,Brazil,48,Female,Smartphone,1 Month
2103,Mexico,32,Female,Laptop,1 Month
2104,Spain,28,Female,Tablet,1 Month
2105,Italy,36,Female,Smartphone,1 Month
2106,Spain,28,Female,Smartphone,1 Month
2107,Spain,32,Female,Smart TV,1 Month
2108,United States,50,Female,Smartphone,1 Month
2109,Canada,44,Male,Tablet,1 Month
2110,United States,44,Female,Smartphone,1 Month
2111,United States,47,Male,Laptop,1 Month
2112,Canada,39,Female,Smart TV,1 Month
2113,United Kingdom,44,Female,Tablet,1 Month
2114,Australia,46,Female,Tablet,1 Month
2115,Germany,31,Female,Laptop,1 Month
2116,France,33,Female,Tablet,1 Month
2117,Brazil,27,Male,Laptop,1 Month
2118,Mexico,34,Male,Smart TV,1 Month
2119,Spain,48,Male,Laptop,1 Month
2120,Italy,39,Female,Smart TV,1 Month
2121,Spain,39,Male,Laptop,1 Month
2122,Spain,48,Female,Smart TV,1 Month
2123,United States,37,Female,Tablet,1 Month
2124,Canada,40,Male,Laptop,1 Month
2125,United States,41,Female,Smartphone,1 Month
2126,United States,35,Female,Smartphone,1 Month
2127,Canada,46,Male,Smartphone,1 Month
2128,United Kingdom,28,Female,Tablet,1 Month
2129,Australia,29,Female,Laptop,1 Month
2130,Germany,46,Female,Tablet,1 Month
2131,France,35,Male,Laptop,1 Month
2132,Brazil,27,Male,Smart TV,1 Month
2133,Mexico,38,Male,Laptop,1 Month
2134,Spain,43,Male,Smart TV,1 Month
2135,Italy,31,Female,Smartphone,1 Month
2136,Spain,29,Female,Tablet,1 Month
2137,Spain,34,Female,Tablet,1 Month
2138,United States,39,Male,Smartphone,1 Month
2139,Canada,34,Female,Smartphone,1 Month
2140,United States,51,Male,Tablet,1 Month
2141,United States,47,Female,Tablet,1 Month
2142,Canada,46,Male,Smartphone,1 Month
2143,United Kingdom,46,Female,Smartphone,1 Month
2144,Australia,47,Female,Smartphone,1 Month
2145,Germany,40,Female,Smart TV,1 Month
2146,France,41,Female,Tablet,1 Month
2147,Brazil,30,Female,Smartphone,1 Month
2148,Mexico,31,Female,Tablet,1 Month
2149,Spain,42,Male,Smart TV,1 Month
2150,Italy,46,Female,Tablet,1 Month
2151,Spain,34,Female,Smart TV,1 Month
2152,Spain,42,Male,Laptop,1 Month
2153,United States,45,Male,Tablet,1 Month
2154,Canada,30,Male,Smart TV,1 Month
2155,United States,44,Male,Smartphone,1 Month
2156,United States,37,Male,Smart TV,1 Month
2157,Canada,43,Male,Smart TV,1 Month
2158,United Kingdom,46,Male,Smartphone,1 Month
2159,Australia,40,Female,Tablet,1 Month
2160,Germany,45,Female,Smartphone,1 Month
2161,France,48,Female,Smartphone,1 Month
2162,Brazil,43,Female,Tablet,1 Month
2163,Mexico,48,Male,Smart TV,1 Month
2164,Spain,32,Female,Smartphone,1 Month
2165,Italy,38,Male,Laptop,1 Month
2166,Spain,50,Male,Smartphone,1 Month
2167,Spain,33,Female,Laptop,1 Month
2168,United States,27,Male,Smart TV,1 Month
2169,Canada,47,Male,Tablet,1 Month
2170,United States,35,Female,Smart TV,1 Month
2171,United States,41,Male,Tablet,1 Month
2172,Canada,39,Female,Smart TV,1 Month
2173,United Kingdom,46,Female,Smartphone,1 Month
2174,Australia,33,Female,Smartphone,1 Month
2175,Germany,30,Male,Laptop,1 Month
2176,France,46,Male,Tablet,1 Month
2177,Brazil,42,Female,Tablet,1 Month
2178,Mexico,28,Female,Tablet,1 Month
2179,Spain,40,Male,Smart TV,1 Month
2180,Italy,31,Female,Smart TV,1 Month
2181,Spain,27,Male,Laptop,1 Month
2182,Spain,45,Female,Tablet,1 Month
2183,United States,49,Female,Smart TV,1 Month
2184,Canada,28,Male,Tablet,1 Month
2185,United States,33,Male,Smart TV,1 Month
2186,United States,38,Male,Smart TV,1 Month
2187,Canada,44,Male,Tablet,1 Month
2188,United Kingdom,34,Female,Laptop,1 Month
2189,Australia,35,Male,Laptop,1 Month
2190,Germany,47,Male,Tablet,1 Month
2191,France,30,Male,Smartphone,1 Month
2192,Brazil,50,Female,Smart TV,1 Month
2193,Mexico,32,Male,Laptop,1 Month
2194,Spain,36,Female,Smart TV,1 Month
2195,Italy,40,Female,Smart TV,1 Month
2196,Spain,39,Male,Smartphone,1 Month
2197,Spain,28,Male,Smartphone,1 Month
2198,United States,29,Female,Smart TV,1 Month
2199,Canada,49,Male,Tablet,1 Month
2200,United States,40,Male,Laptop,1 Month
2201,United States,29,Male,Laptop,1 Month
2202,Canada,35,Female,Tablet,1 Month
2203,United Kingdom,44,Male,Smartphone,1 Month
2204,Australia,39,Male,Smart TV,1 Month
2205,Germany,27,Male,Smart TV,1 Month
2206,France,31,Male,Smart TV,1 Month
2207,Brazil,39,Female,Laptop,1 Month
2208,Mexico,44,Male,Laptop,1 Month
2209,Spain,48,Female,Tablet,1 Month
2210,Italy,27,Male,Smartphone,1 Month
2211,Spain,27,Male,Laptop,1 Month
2212,Spain,41,Male,Smart TV,1 Month
2213,United States,44,Female,Tablet,1 Month
2214,Canada,29,Female,Tablet,1 Month
2215,United States,42,Female,Smartphone,1 Month
2216,United States,45,Female,Smart TV,1 Month
2217,Canada,39,Female,Tablet,1 Month
2218,United Kingdom,41,Female,Tablet,1 Month
2219,Australia,41,Female,Laptop,1 Month
2220,Germany,41,Male,Smartphone,1 Month
2221,France,47,Female,Smart TV,1 Month
2222,Brazil,49,Female,Smartphone,1 Month
2223,Mexico,29,Male,Laptop,1 Month
2224,Spain,33,Male,Tablet,1 Month
2225,Italy,45,Female,Smart TV,1 Month
2226,Spain,41,Female,Laptop,1 Month
2227,Spain,31,Male,Laptop,1 Month
2228,United States,51,Male,Tablet,1 Month
2229,Canada,43,Female,Smartphone,1 Month
2230,United States,33,Female,Laptop,1 Month
2231,United States,47,Female,Smartphone,1 Month
2232,Canada,40,Female,Laptop,1 Month
2233,United Kingdom,34,Female,Smartphone,1 Month
2234,Australia,40,Male,Tablet,1 Month
2235,Germany,38,Male,Laptop,1 Month
2236,France,47,Male,Smart TV,1 Month
2237,Brazil,29,Male,Smart TV,1 Month
2238,Mexico,49,Female,Smartphone,1 Month
2239,Spain,40,Male,Smart TV,1 Month
2240,Italy,51,Female,Laptop,1 Month
2241,Spain,51,Female,Tablet,1 Month
2242,Spain,50,Female,Smart TV,1 Month
2243,United States,47,Female,Laptop,1 Month
2244,Canada,40,Male,Smart TV,1 Month
2245,United States,35,Female,Smart TV,1 Month
2246,United States,37,Female,Smart TV,1 Month
2247,Canada,30,Male,Tablet,1 Month
2248,United Kingdom,47,Female,Tablet,1 Month
2249,Australia,35,Male,Smartphone,1 Month
2250,Germany,33,Male,Tablet,1 Month
2251,France,51,Female,Laptop,1 Month
2252,Brazil,31,Female,Tablet,1 Month
2253,Mexico,48,Female,Laptop,1 Month
2254,Spain,40,Male,Laptop,1 Month
2255,Italy,41,Female,Laptop,1 Month
2256,Spain,41,Male,Laptop,1 Month
2257,Spain,28,Female,Laptop,1 Month
2258,United States,45,Female,Laptop,1 Month
2259,Canada,32,Female,Laptop,1 Month
2260,United States,31,Male,Tablet,1 Month
2261,United States,40,Female,Tablet,1 Month
2262,Canada,40,Female,Smartphone,1 Month
2263,United Kingdom,50,Male,Tablet,1 Month
2264,Australia,41,Male,Smartphone,1 Month
2265,Germany,43,Male,Tablet,1 Month
2266,France,43,Male,Tablet,1 Month
2267,Brazil,36,Female,Smartphone,1 Month
2268,Mexico,48,Male,Smart TV,1 Month
2269,Spain,33,Female,Smartphone,1 Month
2270,Italy,30,Female,Smart TV,1 Month
2271,Spain,37,Female,Laptop,1 Month
2272,Spain,49,Male,Smart TV,1 Month
2273,United States,47,Female,Smartphone,1 Month
2274,Canada,45,Female,Tablet,1 Month
2275,United States,50,Male,Smart TV,1 Month
2276,United States,36,Male,Smartphone,1 Month
2277,Canada,37,Male,Smart TV,1 Month
2278,United Kingdom,38,Female,Tablet,1 Month
2279,Australia,40,Male,Smart TV,1 Month
2280,Germany,38,Female,Smart TV,1 Month
2281,France,46,Female,Tablet,1 Month
2282,Brazil,40,Female,Smartphone,1 Month
2283,Mexico,34,Male,Smart TV,1 Month
2284,Spain,39,Female,Smartphone,1 Month
2285,Italy,47,Male,Smartphone,1 Month
2286,Spain,41,Male,Laptop,1 Month
2287,Spain,47,Female,Tablet,1 Month
2288,United States,50,Male,Smartphone,1 Month
2289,Canada,31,Male,Tablet,1 Month
2290,United States,41,Male,Smartphone,1 Month
2291,United States,31,Female,Laptop,1 Month
2292,Canada,41,Female,Smart TV,1 Month
2293,United Kingdom,28,Male,Tablet,1 Month
2294,Australia,40,Female,Smartphone,1 Month
2295,Germany,34,Female,Smart TV,1 Month
2296,France,37,Male,Smartphone,1 Month
2297,Brazil,30,Female,Laptop,1 Month
2298,Mexico,32,Male,Tablet,1 Month
2299,Spain,41,Male,Smartphone,1 Month
2300,Italy,42,Female,Tablet,1 Month
2301,Spain,40,Male,Laptop,1 Month
2302,Spain,30,Female,Smartphone,1 Month
2303,United States,43,Male,Laptop,1 Month
2304,Canada,31,Female,Tablet,1 Month
2305,United States,45,Male,Smartphone,1 Month
2306,United States,33,Male,Smart TV,1 Month
2307,Canada,41,Male,Smartphone,1 Month
2308,United Kingdom,37,Male,Smart TV,1 Month
2309,Australia,40,Female,Smartphone,1 Month
2310,Germany,36,Male,Tablet,1 Month
2311,France,28,Male,Smart TV,1 Month
2312,Brazil,38,Male,Smartphone,1 Month
2313,Mexico,36,Female,Tablet,1 Month
2314,Spain,47,Female,Smart TV,1 Month
2315,Italy,35,Female,Laptop,1 Month
2316,Spain,29,Female,Tablet,1 Month
2317,Spain,49,Female,Smart TV,1 Month
2318,United States,34,Male,Smart TV,1 Month
2319,Canada,37,Male,Smart TV,1 Month
2320,United States,50,Male,Smart TV,1 Month
2321,United States,38,Male,Smart TV,1 Month
2322,Canada,37,Female,Smart TV,1 Month
2323,United Kingdom,34,Male,Laptop,1 Month
2324,Australia,30,Male,Smart TV,1 Month
2325,Germany,35,Male,Laptop,1 Month
2326,France,39,Male,Tablet,1 Month
2327,Brazil,47,Female,Tablet,1 Month
2328,Mexico,40,Female,Laptop,1 Month
2329,Spain,33,Male,Smart TV,1 Month
2330,Italy,32,Female,Smartphone,1 Month
2331,Spain,32,Male,Smart TV,1 Month
2332,Spain,30,Female,Smart TV,1 Month
2333,United States,49,Male,Tablet,1 Month
2334,Canada,39,Female,Smartphone,1 Month
2335,United States,45,Male,Laptop,1 Month
2336,United States,43,Male,Smartphone,1 Month
2337,Canada,41,Male,Smartphone,1 Month
2338,United Kingdom,38,Female,Tablet,1 Month
2339,Australia,34,Female,Smartphone,1 Month
2340,Germany,38,Male,Laptop,1 Month
2341,France,48,Male,Tablet,1 Month
2342,Brazil,38,Female,Smart TV,1 Month
2343,Mexico,34,Female,Laptop,1 Month
2344,Spain,44,Female,Tablet,1 Month
2345,Italy,39,Male,Smartphone,1 Month
2346,Spain,43,Female,Smartphone,1 Month
2347,Spain,49,Female,Smart TV,1 Month
2348,United States,48,Female,Smart TV,1 Month
2349,Canada,47,Female,Tablet,1 Month
2350,United States,27,Female,Laptop,1 Month
2351,United States,40,Female,Smartphone,1 Month
2352,Canada,43,Female,Smart TV,1 Month
2353,United Kingdom,30,Female,Laptop,1 Month
2354,Australia,43,Female,Smart TV,1 Month
2355,Germany,49,Male,Laptop,1 Month
2356,France,47,Male,Smartphone,1 Month
2357,Brazil,33,Male,Smartphone,1 Month
2358,Mexico,48,Female,Smartphone,1 Month
2359,Spain,31,Male,Laptop,1 Month
2360,Italy,30,Male,Tablet,1 Month
2361,Spain,34,Female,Smartphone,1 Month
2362,Spain,37,Male,Smartphone,1 Month
2363,United States,44,Female,Smart TV,1 Month
2364,Canada,28,Female,Smart TV,1 Month
2365,United States,47,Male,Smartphone,1 Month
2366,United States,43,Male,Smart TV,1 Month
2367,Canada,51,Male,Tablet,1 Month
2368,United Kingdom,50,Male,Laptop,1 Month
2369,Australia,40,Female,Smartphone,1 Month
2370,Germany,31,Female,Laptop,1 Month
2371,France,29,Female,Smartphone,1 Month
2372,Brazil,38,Female,Tablet,1 Month
2373,Mexico,47,Male,Tablet,1 Month
2374,Spain,30,Male,Tablet,1 Month
2375,Italy,42,Male,Laptop,1 Month
2376,Spain,49,Male,Smart TV,1 Month
2377,Spain,50,Female,Tablet,1 Month
2378,United States,51,Male,Smart TV,1 Month
2379,Canada,47,Male,Smartphone,1 Month
2380,United States,36,Female,Smartphone,1 Month
2381,United States,30,Female,Laptop,1 Month
2382,Canada,34,Female,Tablet,1 Month
2383,United Kingdom,35,Female,Tablet,1 Month
2384,Australia,30,Male,Smart TV,1 Month
2385,Germany,30,Male,Tablet,1 Month
2386,France,41,Female,Smartphone,1 Month
2387,Brazil,39,Female,Smartphone,1 Month
2388,Mexico,30,Male,Tablet,1 Month
2389,Spain,36,Female,Smart TV,1 Month
2390,Italy,33,Female,Smartphone,1 Month
2391,Spain,35,Female,Tablet,1 Month
2392,Spain,46,Male,Tablet,1 Month
2393,United States,51,Female,Tablet,1 Month
2394,Canada,42,Female,Smartphone,1 Month
2395,United States,30,Female,Smart TV,1 Month
2396,United States,45,Male,Smartphone,1 Month
2397,Canada,27,Male,Smartphone,1 Month
2398,United Kingdom,41,Male,Smart TV,1 Month
2399,Australia,35,Male,Tablet,1 Month
2400,Germany,30,Male,Laptop,1 Month
2401,France,35,Female,Laptop,1 Month
2402,Brazil,47,Female,Smartphone,1 Month
2403,Mexico,41,Male,Laptop,1 Month
2404,Spain,48,Female,Tablet,1 Month
2405,Italy,32,Female,Smart TV,1 Month
2406,Spain,35,Female,Smart TV,1 Month
2407,Spain,31,Female,Smartphone,1 Month
2408,United States,45,Female,Smartphone,1 Month
2409,Canada,38,Female,Laptop,1 Month
2410,United States,34,Male,Smartphone,1 Month
2411,United States,37,Female,Smartphone,1 Month
2412,Canada,27,Female,Smart TV,1 Month
2413,United Kingdom,44,Female,Tablet,1 Month
2414,Australia,46,Male,Smart TV,1 Month
2415,Germany,37,Male,Smart TV,1 Month
2416,France,44,Male,Tablet,1 Month
2417,Brazil,29,Male,Smart TV,1 Month
2418,Mexico,28,Female,Laptop,1 Month
2419,Spain,50,Male,Smart TV,1 Month
2420,Italy,39,Male,Laptop,1 Month
2421,Spain,34,Female,Smart TV,1 Month
2422,Spain,40,Male,Smart TV,1 Month
2423,United States,30,Male,Laptop,1 Month
2424,Canada,41,Female,Laptop,1 Month
2425,United States,39,Male,Tablet,1 Month
2426,United States,51,Male,Smartphone,1 Month
2427,Canada,28,Female,Smartphone,1 Month
2428,United Kingdom,30,Female,Tablet,1 Month
2429,Australia,30,Female,Smartphone,1 Month
2430,Germany,44,Female,Tablet,1 Month
2431,France,29,Female,Smart TV,1 Month
2432,Brazil,28,Female,Tablet,1 Month
2433,Mexico,48,Male,Tablet,1 Month
2434,Spain,42,Female,Smart TV,1 Month
2435,Italy,39,Male,Smartphone,1 Month
2436,Spain,44,Female,Smart TV,1 Month
2437,Spain,49,Male,Smart TV,1 Month
2438,United States,49,Female,Smart TV,1 Month
2439,Canada,36,Female,Laptop,1 Month
2440,United States,50,Female,Laptop,1 Month
2441,United States,49,Female,Smartphone,1 Month
2442,Canada,36,Male,Smartphone,1 Month
2443,United Kingdom,28,Female,Laptop,1 Month
2444,Australia,45,Female,Smartphone,1 Month
2445,Germany,31,Female,Smartphone,1 Month
2446,France,46,Male,Tablet,1 Month
2447,Brazil,27,Male,Tablet,1 Month
2448,Mexico,43,Male,Tablet,1 Month
2449,Spain,51,Female,Smart TV,1 Month
2450,Italy,47,Female,Smartphone,1 Month
2451,Spain,48,Female,Tablet,1 Month
2452,Spain,31,Female,Tablet,1 Month
2453,United States,48,Female,Smartphone,1 Month
2454,Canada,36,Male,Smartphone,1 Month
2455,United States,38,Female,Tablet,1 Month
2456,United States,39,Male,Smartphone,1 Month
2457,Canada,48,Male,Tablet,1 Month
2458,United Kingdom,30,Female,Smart TV,1 Month
2459,Australia,30,Male,Smart TV,1 Month
2460,Germany,35,Female,Smart TV,1 Month
2461,France,41,Male,Laptop,1 Month
2462,Brazil,40,Female,Smart TV,1 Month
2463,Mexico,50,Male,Smart TV,1 Month
2464,Spain,42,Female,Smartphone,1 Month
2465,Italy,30,Male,Tablet,1 Month
2466,Spain,34,Male,Laptop,1 Month
2467,Spain,40,Female,Smartphone,1 Month
2468,United States,47,Female,Smartphone,1 Month
2469,Canada,36,Male,Laptop,1 Month
2470,United States,50,Female,Tablet,1 Month
2471,United States,46,Male,Smartphone,1 Month
2472,Canada,27,Female,Tablet,1 Month
2473,United Kingdom,39,Female,Laptop,1 Month
2474,Australia,49,Male,Smart TV,1 Month
2475,Germany,37,Female,Tablet,1 Month
2476,France,28,Male,Tablet,1 Month
2477,Brazil,40,Male,Laptop,1 Month
2478,Mexico,47,Male,Tablet,1 Month
2479,Spain,51,Female,Laptop,1 Month
2480,Italy,47,Male,Laptop,1 Month
2481,Spain,33,Female,Laptop,1 Month
2482,Spain,37,Female,Laptop,1 Month
2483,United States,42,Male,Laptop,1 Month
2484,Canada,50,Female,Smart TV,1 Month
2485,United States,47,Female,Tablet,1 Month
2486,United States,40,Female,Smartphone,1 Month
2487,Canada,35,Male,Smart TV,1 Month
2488,United Kingdom,29,Female,Smartphone,1 Month
2489,Australia,48,Female,Smartphone,1 Month
2490,Germany,35,Male,Smart TV,1 Month
2491,France,41,Female,Smartphone,1 Month
2492,Brazil,29,Female,Laptop,1 Month
2493,Mexico,33,Male,Smart TV,1 Month
2494,Spain,36,Male,Smart TV,1 Month
2495,Italy,43,Female,Laptop,1 Month
2496,Spain,28,Female,Smart TV,1 Month
2497,Spain,33,Female,Smart TV,1 Month
2498,United States,38,Male,Laptop,1 Month
2499,Canada,48,Female,Tablet,1 Month
2500,United States,35,Female,Smart TV,1 Month
